season,weekint,mmwr_week,year,agecat,cumrates,weekrate,network,pctunw_ili,pctw_ili,pctw_ili_lag1,pctw_ili_lag2,viral_flupct,viral_flupct_lag1,viral_flupct_lag2,xmas,thanksgiving,weekint2
2003-04,0,40,2003,Overall,0,0,EIP,0.960873,0.884021,0.749504,0.654162,1.53846,0,0.373832,FALSE,FALSE,0
2003-04,1,41,2003,Overall,0,0,EIP,1.04325,1.02773,0.884021,0.749504,4.57788,1.53846,0,FALSE,FALSE,1
2003-04,2,42,2003,Overall,0,0,EIP,1.0545,1.28296,1.02773,0.884021,11.6268,4.57788,1.53846,FALSE,FALSE,4
2003-04,3,43,2003,Overall,0,0,EIP,1.11231,1.32661,1.28296,1.02773,17.8349,11.6268,4.57788,FALSE,FALSE,9
2003-04,4,44,2003,Overall,0.1,0.1,EIP,1.41274,1.77304,1.32661,1.28296,19.4333,17.8349,11.6268,FALSE,FALSE,16
2003-04,5,45,2003,Overall,0.4,0.3,EIP,1.72703,2.43814,1.77304,1.32661,24.2612,19.4333,17.8349,FALSE,FALSE,25
2003-04,6,46,2003,Overall,1.4,1,EIP,2.407,2.72605,2.43814,1.77304,28.0958,24.2612,19.4333,FALSE,FALSE,36
2003-04,7,47,2003,Overall,3.5,2.1,EIP,3.10962,3.73192,2.72605,2.43814,33.1202,28.0958,24.2612,FALSE,TRUE,49
2003-04,8,48,2003,Overall,6.2,2.7,EIP,4.30779,4.54894,3.73192,2.72605,34.743,33.1202,28.0958,FALSE,TRUE,64
2003-04,9,49,2003,Overall,10,3.7,EIP,4.8303,5.39906,4.54894,3.73192,34.0592,34.743,33.1202,FALSE,FALSE,81
2003-04,10,50,2003,Overall,14.3,4.3,EIP,6.42905,7.38735,5.39906,4.54894,32.9255,34.0592,34.743,FALSE,FALSE,100
2003-04,11,51,2003,Overall,19.7,5.4,EIP,6.86734,7.48097,7.38735,5.39906,30.7986,32.9255,34.0592,TRUE,FALSE,121
2003-04,12,52,2003,Overall,24,4.3,EIP,7.06496,7.62797,7.48097,7.38735,24.7333,30.7986,32.9255,TRUE,FALSE,144
2003-04,13,1,2004,Overall,28.2,1.3,EIP,2.41833,2.89129,7.62797,7.48097,12.4279,24.7333,30.7986,FALSE,FALSE,169
2003-04,14,2,2004,Overall,29.3,1.1,EIP,1.80906,2.10429,2.89129,7.62797,9.33284,12.4279,24.7333,FALSE,FALSE,196
2003-04,15,3,2004,Overall,29.9,0.6,EIP,1.71202,1.88696,2.10429,2.89129,6.00601,9.33284,12.4279,FALSE,FALSE,225
2003-04,16,4,2004,Overall,30.1,0.2,EIP,1.5425,1.7766,1.88696,2.10429,3.98464,6.00601,9.33284,FALSE,FALSE,256
2003-04,17,5,2004,Overall,30.3,0.2,EIP,1.43787,1.46001,1.7766,1.88696,2.9227,3.98464,6.00601,FALSE,FALSE,289
2003-04,18,6,2004,Overall,30.3,0.1,EIP,1.32427,1.37787,1.46001,1.7766,1.84136,2.9227,3.98464,FALSE,FALSE,324
2003-04,19,7,2004,Overall,30.4,0,EIP,1.30726,1.30532,1.37787,1.46001,1.78571,1.84136,2.9227,FALSE,FALSE,361
2003-04,20,8,2004,Overall,30.5,0.1,EIP,1.03698,1.08691,1.30532,1.37787,1.48496,1.78571,1.84136,FALSE,FALSE,400
2003-04,21,9,2004,Overall,30.5,0,EIP,1.01032,0.991888,1.08691,1.30532,0.678989,1.48496,1.78571,FALSE,FALSE,441
2003-04,22,10,2004,Overall,30.5,0.1,EIP,1.05249,1.02765,0.991888,1.08691,0.590967,0.678989,1.48496,FALSE,FALSE,484
2003-04,23,11,2004,Overall,30.6,0,EIP,1.02009,1.0579,1.02765,0.991888,0.580616,0.590967,0.678989,FALSE,FALSE,529
2003-04,24,12,2004,Overall,30.6,0,EIP,0.924419,0.849361,1.0579,1.02765,1.33259,0.580616,0.590967,FALSE,FALSE,576
2003-04,25,13,2004,Overall,30.6,0,EIP,0.790645,0.747127,0.849361,1.0579,0.918919,1.33259,0.580616,FALSE,FALSE,625
2003-04,26,14,2004,Overall,30.6,0,EIP,0.80261,0.661708,0.747127,0.849361,0.506187,0.918919,1.33259,FALSE,FALSE,676
2003-04,27,15,2004,Overall,30.6,0,EIP,0.83613,0.679514,0.661708,0.747127,0.959079,0.506187,0.918919,FALSE,FALSE,729
2003-04,28,16,2004,Overall,30.6,0,EIP,0.792436,0.633071,0.679514,0.661708,1.65631,0.959079,0.506187,FALSE,FALSE,784
2003-04,29,17,2004,Overall,30.6,0,EIP,0.683588,0.569894,0.633071,0.679514,0.798838,1.65631,0.959079,FALSE,FALSE,841
2004-05,0,40,2004,Overall,0,0,EIP,0.897159,0.982275,0.782758,0.691857,0.645161,1.52339,0.449438,FALSE,FALSE,0
2004-05,1,41,2004,Overall,0,0,EIP,1.02248,1.01821,0.982275,0.782758,0.649954,0.645161,1.52339,FALSE,FALSE,1
2004-05,2,42,2004,Overall,0,0,EIP,1.06296,1.1768,1.01821,0.982275,1.61692,0.649954,0.645161,FALSE,FALSE,4
2004-05,3,43,2004,Overall,0,0,EIP,1.14696,1.30121,1.1768,1.01821,1.22137,1.61692,0.649954,FALSE,FALSE,9
2004-05,4,44,2004,Overall,0,0,EIP,1.20495,1.27746,1.30121,1.1768,1.62396,1.22137,1.61692,FALSE,FALSE,16
2004-05,5,45,2004,Overall,0,0,EIP,1.30517,1.40387,1.27746,1.30121,2.01692,1.62396,1.22137,FALSE,FALSE,25
2004-05,6,46,2004,Overall,0.2,0.1,EIP,1.28699,1.40301,1.40387,1.27746,2.77946,2.01692,1.62396,FALSE,FALSE,36
2004-05,7,47,2004,Overall,0.2,0,EIP,1.59468,1.73975,1.40301,1.40387,1.96078,2.77946,2.01692,FALSE,TRUE,49
2004-05,8,48,2004,Overall,0.2,0,EIP,1.39714,1.56894,1.73975,1.40301,3.58076,1.96078,2.77946,FALSE,TRUE,64
2004-05,9,49,2004,Overall,0.3,0.1,EIP,1.44996,1.65927,1.56894,1.73975,5.0182,3.58076,1.96078,FALSE,FALSE,81
2004-05,10,50,2004,Overall,0.4,0.2,EIP,1.61745,1.81341,1.65927,1.56894,6.56114,5.0182,3.58076,FALSE,FALSE,100
2004-05,11,51,2004,Overall,0.7,0.2,EIP,2.19112,2.37626,1.81341,1.65927,11.7764,6.56114,5.0182,TRUE,FALSE,121
2004-05,12,52,2004,Overall,1.2,0.6,EIP,2.56649,2.77052,2.37626,1.81341,16.7556,11.7764,6.56114,TRUE,FALSE,144
2004-05,13,1,2005,Overall,1.9,0.7,EIP,2.17645,2.40064,2.77052,2.37626,18.5667,16.7556,11.7764,FALSE,FALSE,169
2004-05,14,2,2005,Overall,2.7,0.7,EIP,2.20171,2.54155,2.40064,2.77052,16.9425,18.5667,16.7556,FALSE,FALSE,196
2004-05,15,3,2005,Overall,3.8,1.1,EIP,2.53012,2.85871,2.54155,2.40064,21.3443,16.9425,18.5667,FALSE,FALSE,225
2004-05,16,4,2005,Overall,4.9,1.1,EIP,3.06524,3.55011,2.85871,2.54155,23.2959,21.3443,16.9425,FALSE,FALSE,256
2004-05,17,5,2005,Overall,6.2,1.3,EIP,3.98061,4.58591,3.55011,2.85871,26.8662,23.2959,21.3443,FALSE,FALSE,289
2004-05,18,6,2005,Overall,7.5,1.3,EIP,4.59568,5.05809,4.58591,3.55011,26.5489,26.8662,23.2959,FALSE,FALSE,324
2004-05,19,7,2005,Overall,8.8,1.3,EIP,4.75197,5.44151,5.05809,4.58591,25.5526,26.5489,26.8662,FALSE,FALSE,361
2004-05,20,8,2005,Overall,10,1.2,EIP,4.17962,4.4729,5.44151,5.05809,23.4604,25.5526,26.5489,FALSE,FALSE,400
2004-05,21,9,2005,Overall,10.9,0.9,EIP,3.45359,3.6752,4.4729,5.44151,19.9507,23.4604,25.5526,FALSE,FALSE,441
2004-05,22,10,2005,Overall,11.6,0.7,EIP,3.15852,3.3353,3.6752,4.4729,16.0422,19.9507,23.4604,FALSE,FALSE,484
2004-05,23,11,2005,Overall,12.1,0.5,EIP,2.6732,2.76224,3.3353,3.6752,16.9419,16.0422,19.9507,FALSE,FALSE,529
2004-05,24,12,2005,Overall,12.7,0.6,EIP,2.35161,2.46844,2.76224,3.3353,14.6592,16.9419,16.0422,FALSE,FALSE,576
2004-05,25,13,2005,Overall,13.1,0.4,EIP,1.89243,2.00081,2.46844,2.76224,11.044,14.6592,16.9419,FALSE,FALSE,625
2004-05,26,14,2005,Overall,13.3,0.2,EIP,1.5249,1.54319,2.00081,2.46844,9.11659,11.044,14.6592,FALSE,FALSE,676
2004-05,27,15,2005,Overall,13.4,0.1,EIP,1.41134,1.50195,1.54319,2.00081,5.27104,9.11659,11.044,FALSE,FALSE,729
2004-05,28,16,2005,Overall,13.4,0,EIP,1.25068,1.22918,1.50195,1.54319,4.19366,5.27104,9.11659,FALSE,FALSE,784
2004-05,29,17,2005,Overall,13.5,0.1,EIP,1.20702,1.21854,1.22918,1.50195,2.68482,4.19366,5.27104,FALSE,FALSE,841
2005-06,0,40,2005,Overall,0,0,EIP,1.07635,1.17778,0.977808,1.01123,0.580781,0.492611,0.15625,FALSE,FALSE,0
2005-06,1,41,2005,Overall,0,0,EIP,1.05869,1.21947,1.17778,0.977808,0.547695,0.580781,0.492611,FALSE,FALSE,1
2005-06,2,42,2005,Overall,0,0,EIP,1.11523,1.3069,1.21947,1.17778,1.06428,0.547695,0.580781,FALSE,FALSE,4
2005-06,3,43,2005,Overall,0,0,EIP,1.12381,1.33931,1.3069,1.21947,0.503597,1.06428,0.547695,FALSE,FALSE,9
2005-06,4,44,2005,Overall,0.1,0,EIP,1.25489,1.58374,1.33931,1.3069,0.795848,0.503597,1.06428,FALSE,FALSE,16
2005-06,5,45,2005,Overall,0.1,0,EIP,1.33661,1.47072,1.58374,1.33931,1.29518,0.795848,0.503597,FALSE,FALSE,25
2005-06,6,46,2005,Overall,0.1,0,EIP,1.37864,1.6112,1.47072,1.58374,1.2173,1.29518,0.795848,FALSE,FALSE,36
2005-06,7,47,2005,Overall,0.1,0,EIP,1.60829,1.82699,1.6112,1.47072,1.59119,1.2173,1.29518,FALSE,TRUE,49
2005-06,8,48,2005,Overall,0.2,0,EIP,1.48311,1.77482,1.82699,1.6112,2.85996,1.59119,1.2173,FALSE,TRUE,64
2005-06,9,49,2005,Overall,0.2,0.1,EIP,1.65374,1.94451,1.77482,1.82699,5.53974,2.85996,1.59119,FALSE,FALSE,81
2005-06,10,50,2005,Overall,0.3,0.1,EIP,2.00679,2.35512,1.94451,1.77482,8.6401,5.53974,2.85996,FALSE,FALSE,100
2005-06,11,51,2005,Overall,0.5,0.2,EIP,2.56857,3.10878,2.35512,1.94451,12.7538,8.6401,5.53974,TRUE,FALSE,121
2005-06,12,52,2005,Overall,0.9,0.4,EIP,3.05278,3.28238,3.10878,2.35512,13.4843,12.7538,8.6401,TRUE,FALSE,144
2005-06,13,1,2006,Overall,1.3,0.4,EIP,2.42504,2.62914,3.28238,3.10878,11.7189,13.4843,12.7538,FALSE,FALSE,169
2005-06,14,2,2006,Overall,1.6,0.3,EIP,2.00195,2.2515,2.62914,3.28238,13.2173,11.7189,13.4843,FALSE,FALSE,196
2005-06,15,3,2006,Overall,2.1,0.4,EIP,2.05869,2.35858,2.2515,2.62914,14.1167,13.2173,11.7189,FALSE,FALSE,225
2005-06,16,4,2006,Overall,2.6,0.5,EIP,2.21277,2.41881,2.35858,2.2515,15.7308,14.1167,13.2173,FALSE,FALSE,256
2005-06,17,5,2006,Overall,3.3,0.7,EIP,2.3222,2.52752,2.41881,2.35858,16.688,15.7308,14.1167,FALSE,FALSE,289
2005-06,18,6,2006,Overall,4.1,0.8,EIP,2.49279,2.64954,2.52752,2.41881,17.9491,16.688,15.7308,FALSE,FALSE,324
2005-06,19,7,2006,Overall,4.9,0.9,EIP,2.79489,3.12935,2.64954,2.52752,19.5682,17.9491,16.688,FALSE,FALSE,361
2005-06,20,8,2006,Overall,5.8,0.9,EIP,2.96911,3.12442,3.12935,2.64954,20.4454,19.5682,17.9491,FALSE,FALSE,400
2005-06,21,9,2006,Overall,6.8,1,EIP,2.83959,3.13099,3.12442,3.12935,22.5871,20.4454,19.5682,FALSE,FALSE,441
2005-06,22,10,2006,Overall,7.9,1.1,EIP,2.77799,3.08261,3.13099,3.12442,22.4325,22.5871,20.4454,FALSE,FALSE,484
2005-06,23,11,2006,Overall,8.8,0.9,EIP,2.47287,2.64431,3.08261,3.13099,19.7427,22.4325,22.5871,FALSE,FALSE,529
2005-06,24,12,2006,Overall,9.5,0.7,EIP,2.18061,2.42295,2.64431,3.08261,18.4668,19.7427,22.4325,FALSE,FALSE,576
2005-06,25,13,2006,Overall,10,0.5,EIP,2.0168,2.31141,2.42295,2.64431,17.9757,18.4668,19.7427,FALSE,FALSE,625
2005-06,26,14,2006,Overall,10.4,0.4,EIP,1.64101,1.86383,2.31141,2.42295,13.5681,17.9757,18.4668,FALSE,FALSE,676
2005-06,27,15,2006,Overall,10.6,0.2,EIP,1.35829,1.44943,1.86383,2.31141,11.3591,13.5681,17.9757,FALSE,FALSE,729
2005-06,28,16,2006,Overall,10.8,0.2,EIP,1.1428,1.30227,1.44943,1.86383,9.88854,11.3591,13.5681,FALSE,FALSE,784
2005-06,29,17,2006,Overall,10.9,0.1,EIP,1.04031,1.13459,1.30227,1.44943,7.47664,9.88854,11.3591,FALSE,FALSE,841
2006-07,0,40,2006,Overall,0,0,EIP,1.20322,1.15384,0.807934,0.813406,2.42529,2.98661,3.51406,FALSE,FALSE,0
2006-07,1,41,2006,Overall,0,0,EIP,1.05788,1.14819,1.15384,0.807934,2.67786,2.42529,2.98661,FALSE,FALSE,1
2006-07,2,42,2006,Overall,0,0,EIP,1.13054,1.22736,1.14819,1.15384,2.75862,2.67786,2.42529,FALSE,FALSE,4
2006-07,3,43,2006,Overall,0,0,EIP,1.12552,1.21744,1.22736,1.14819,2.595,2.75862,2.67786,FALSE,FALSE,9
2006-07,4,44,2006,Overall,0.1,0,EIP,1.20808,1.32813,1.21744,1.22736,3.79814,2.595,2.75862,FALSE,FALSE,16
2006-07,5,45,2006,Overall,0.1,0.1,EIP,1.34952,1.47754,1.32813,1.21744,3.63679,3.79814,2.595,FALSE,FALSE,25
2006-07,6,46,2006,Overall,0.1,0,EIP,1.4689,1.5339,1.47754,1.32813,2.93923,3.63679,3.79814,FALSE,FALSE,36
2006-07,7,47,2006,Overall,0.1,0,EIP,1.82767,1.91269,1.5339,1.47754,3.54782,2.93923,3.63679,FALSE,TRUE,49
2006-07,8,48,2006,Overall,0.2,0.1,EIP,1.6656,1.838,1.91269,1.5339,3.70436,3.54782,2.93923,FALSE,TRUE,64
2006-07,9,49,2006,Overall,0.3,0.1,EIP,1.85968,1.95376,1.838,1.91269,4.5478,3.70436,3.54782,FALSE,FALSE,81
2006-07,10,50,2006,Overall,0.4,0.1,EIP,2.38891,2.40407,1.95376,1.838,8.09153,4.5478,3.70436,FALSE,FALSE,100
2006-07,11,51,2006,Overall,0.6,0.2,EIP,2.78978,2.87453,2.40407,1.95376,10.2922,8.09153,4.5478,TRUE,FALSE,121
2006-07,12,52,2006,Overall,0.8,0.2,EIP,3.11549,3.02597,2.87453,2.40407,10.3881,10.2922,8.09153,TRUE,FALSE,144
2006-07,13,1,2007,Overall,1,0.2,EIP,2.26942,2.37817,3.02597,2.87453,6.97363,10.3881,10.2922,FALSE,FALSE,169
2006-07,14,2,2007,Overall,1.2,0.2,EIP,1.86355,2.09232,2.37817,3.02597,9.23795,6.97363,10.3881,FALSE,FALSE,196
2006-07,15,3,2007,Overall,1.4,0.3,EIP,1.99986,2.29396,2.09232,2.37817,11.5806,9.23795,6.97363,FALSE,FALSE,225
2006-07,16,4,2007,Overall,1.7,0.3,EIP,2.4406,2.74501,2.29396,2.09232,18.1944,11.5806,9.23795,FALSE,FALSE,256
2006-07,17,5,2007,Overall,2.1,0.4,EIP,2.83018,3.04434,2.74501,2.29396,22.3823,18.1944,11.5806,FALSE,FALSE,289
2006-07,18,6,2007,Overall,2.6,0.5,EIP,3.12343,3.49999,3.04434,2.74501,28.1772,22.3823,18.1944,FALSE,FALSE,324
2006-07,19,7,2007,Overall,3.1,0.5,EIP,3.27019,3.57851,3.49999,3.04434,25.7975,28.1772,22.3823,FALSE,FALSE,361
2006-07,20,8,2007,Overall,3.6,0.5,EIP,3.17757,3.28979,3.57851,3.49999,23.7961,25.7975,28.1772,FALSE,FALSE,400
2006-07,21,9,2007,Overall,4,0.4,EIP,2.72364,2.89149,3.28979,3.57851,22.5735,23.7961,25.7975,FALSE,FALSE,441
2006-07,22,10,2007,Overall,4.4,0.4,EIP,2.50201,2.62075,2.89149,3.28979,20.2472,22.5735,23.7961,FALSE,FALSE,484
2006-07,23,11,2007,Overall,4.9,0.4,EIP,2.4272,2.53387,2.62075,2.89149,19.5294,20.2472,22.5735,FALSE,FALSE,529
2006-07,24,12,2007,Overall,5.2,0.3,EIP,1.96041,2.07251,2.53387,2.62075,16.8731,19.5294,20.2472,FALSE,FALSE,576
2006-07,25,13,2007,Overall,5.5,0.3,EIP,1.5914,1.87084,2.07251,2.53387,13.7639,16.8731,19.5294,FALSE,FALSE,625
2006-07,26,14,2007,Overall,5.7,0.2,EIP,1.36978,1.40042,1.87084,2.07251,11.026,13.7639,16.8731,FALSE,FALSE,676
2006-07,27,15,2007,Overall,5.9,0.2,EIP,1.36317,1.46887,1.40042,1.87084,12.1376,11.026,13.7639,FALSE,FALSE,729
2006-07,28,16,2007,Overall,6,0.2,EIP,1.1737,1.15514,1.46887,1.40042,9.67073,12.1376,11.026,FALSE,FALSE,784
2006-07,29,17,2007,Overall,6.2,0.2,EIP,1.06358,1.07901,1.15514,1.46887,9.75124,9.67073,12.1376,FALSE,FALSE,841
2007-08,0,40,2007,Overall,0,0,EIP,1.07197,0.995184,1.05206,0.987146,1.84719,1.90114,3.14465,FALSE,FALSE,0
2007-08,1,41,2007,Overall,0,0,EIP,1.21786,1.22003,0.995184,1.05206,1.73639,1.84719,1.90114,FALSE,FALSE,1
2007-08,2,42,2007,Overall,0.1,0,EIP,1.24576,1.28548,1.22003,0.995184,1.62547,1.73639,1.84719,FALSE,FALSE,4
2007-08,3,43,2007,Overall,0.1,0,EIP,1.35984,1.3775,1.28548,1.22003,1.57282,1.62547,1.73639,FALSE,FALSE,9
2007-08,4,44,2007,Overall,0.1,0.1,EIP,1.44671,1.46725,1.3775,1.28548,2.06993,1.57282,1.62547,FALSE,FALSE,16
2007-08,5,45,2007,Overall,0.2,0,EIP,1.53286,1.55841,1.46725,1.3775,2.23861,2.06993,1.57282,FALSE,FALSE,25
2007-08,6,46,2007,Overall,0.2,0.1,EIP,1.66653,1.61958,1.55841,1.46725,2.10603,2.23861,2.06993,FALSE,FALSE,36
2007-08,7,47,2007,Overall,0.3,0.1,EIP,1.97488,1.8112,1.61958,1.55841,3.46535,2.10603,2.23861,FALSE,TRUE,49
2007-08,8,48,2007,Overall,0.4,0.1,EIP,1.67305,1.61865,1.8112,1.61958,3.31617,3.46535,2.10603,FALSE,TRUE,64
2007-08,9,49,2007,Overall,0.5,0.1,EIP,1.63405,1.62124,1.61865,1.8112,3.66673,3.31617,3.46535,FALSE,FALSE,81
2007-08,10,50,2007,Overall,0.6,0.1,EIP,1.74595,1.67351,1.62124,1.61865,4.16909,3.66673,3.31617,FALSE,FALSE,100
2007-08,11,51,2007,Overall,0.9,0.2,EIP,1.93643,1.95096,1.67351,1.62124,5.34286,4.16909,3.66673,TRUE,FALSE,121
2007-08,12,52,2007,Overall,1.2,0.3,EIP,2.48905,2.50019,1.95096,1.67351,7.14628,5.34286,4.16909,TRUE,FALSE,144
2007-08,13,1,2008,Overall,1.4,0.3,EIP,2.25405,2.43939,2.50019,1.95096,8.55176,7.14628,5.34286,FALSE,FALSE,169
2007-08,14,2,2008,Overall,1.7,0.3,EIP,2.09147,2.29319,2.43939,2.50019,13.5853,8.55176,7.14628,FALSE,FALSE,196
2007-08,15,3,2008,Overall,2.1,0.4,EIP,2.35934,2.62907,2.29319,2.43939,16.8032,13.5853,8.55176,FALSE,FALSE,225
2007-08,16,4,2008,Overall,2.7,0.6,EIP,3.32331,3.92966,2.62907,2.29319,22.7148,16.8032,13.5853,FALSE,FALSE,256
2007-08,17,5,2008,Overall,3.8,1.1,EIP,4.43381,4.99202,3.92966,2.62907,28.4642,22.7148,16.8032,FALSE,FALSE,289
2007-08,18,6,2008,Overall,5.6,1.8,EIP,5.34547,5.7776,4.99202,3.92966,31.7494,28.4642,22.7148,FALSE,FALSE,324
2007-08,19,7,2008,Overall,7.5,1.9,EIP,5.42258,5.98318,5.7776,4.99202,31.8173,31.7494,28.4642,FALSE,FALSE,361
2007-08,20,8,2008,Overall,9.8,2.3,EIP,5.30303,5.61677,5.98318,5.7776,30.3992,31.8173,31.7494,FALSE,FALSE,400
2007-08,21,9,2008,Overall,11.8,2.1,EIP,4.24456,4.53234,5.61677,5.98318,27.6511,30.3992,31.8173,FALSE,FALSE,441
2007-08,22,10,2008,Overall,13.6,1.8,EIP,3.628,3.83249,4.53234,5.61677,23.6809,27.6511,30.3992,FALSE,FALSE,484
2007-08,23,11,2008,Overall,15.2,1.6,EIP,3.03463,3.21522,3.83249,4.53234,22.0124,23.6809,27.6511,FALSE,FALSE,529
2007-08,24,12,2008,Overall,16.3,1.1,EIP,2.53595,2.69245,3.21522,3.83249,20.3938,22.0124,23.6809,FALSE,FALSE,576
2007-08,25,13,2008,Overall,17,0.7,EIP,2.0573,2.03366,2.69245,3.21522,17.7821,20.3938,22.0124,FALSE,FALSE,625
2007-08,26,14,2008,Overall,17.6,0.6,EIP,1.7415,1.65275,2.03366,2.69245,14.5399,17.7821,20.3938,FALSE,FALSE,676
2007-08,27,15,2008,Overall,18,0.3,EIP,1.40652,1.3113,1.65275,2.03366,11.7692,14.5399,17.7821,FALSE,FALSE,729
2007-08,28,16,2008,Overall,18.2,0.3,EIP,1.26861,1.1652,1.3113,1.65275,8.50597,11.7692,14.5399,FALSE,FALSE,784
2007-08,29,17,2008,Overall,18.3,0.1,EIP,1.07719,1.02035,1.1652,1.3113,5.3712,8.50597,11.7692,FALSE,FALSE,841
2008-09,0,40,2008,Overall,0,0,EIP,1.02284,1.06828,0.868116,0.794764,0.616165,0.597312,1.06045,FALSE,FALSE,0
2008-09,1,41,2008,Overall,0.1,0.1,EIP,1.03017,1.00756,1.06828,0.868116,0.800278,0.616165,0.597312,FALSE,FALSE,1
2008-09,2,42,2008,Overall,0.1,0,EIP,1.01245,0.979399,1.00756,1.06828,1.25979,0.800278,0.616165,FALSE,FALSE,4
2008-09,3,43,2008,Overall,0.1,0.1,EIP,1.08359,1.04943,0.979399,1.00756,1.77635,1.25979,0.800278,FALSE,FALSE,9
2008-09,4,44,2008,Overall,0.2,0,EIP,1.16578,1.13218,1.04943,0.979399,1.21298,1.77635,1.25979,FALSE,FALSE,16
2008-09,5,45,2008,Overall,0.2,0.1,EIP,1.1913,1.13156,1.13218,1.04943,1.7092,1.21298,1.77635,FALSE,FALSE,25
2008-09,6,46,2008,Overall,0.3,0.1,EIP,1.28075,1.15469,1.13156,1.13218,1.40335,1.7092,1.21298,FALSE,FALSE,36
2008-09,7,47,2008,Overall,0.3,0.1,EIP,1.27053,1.20448,1.15469,1.13156,1.77253,1.40335,1.7092,FALSE,TRUE,49
2008-09,8,48,2008,Overall,0.4,0.1,EIP,1.59578,1.36081,1.20448,1.15469,2.25393,1.77253,1.40335,FALSE,TRUE,64
2008-09,9,49,2008,Overall,0.5,0.1,EIP,1.4585,1.30322,1.36081,1.20448,2.26867,2.25393,1.77253,FALSE,FALSE,81
2008-09,10,50,2008,Overall,0.6,0.1,EIP,1.49921,1.30204,1.30322,1.36081,3.15579,2.26867,2.25393,FALSE,FALSE,100
2008-09,11,51,2008,Overall,0.7,0.1,EIP,1.62982,1.45109,1.30204,1.30322,4.33265,3.15579,2.26867,TRUE,FALSE,121
2008-09,12,52,2008,Overall,0.8,0.2,EIP,2.15561,1.79927,1.45109,1.30204,4.72558,4.33265,3.15579,TRUE,FALSE,144
2008-09,13,1,2009,Overall,1.1,0.1,EIP,1.54566,1.47138,1.79927,1.45109,8.43719,4.72558,4.33265,FALSE,FALSE,169
2008-09,14,2,2009,Overall,1.3,0.2,EIP,1.64224,1.61555,1.47138,1.79927,10.8649,8.43719,4.72558,FALSE,FALSE,196
2008-09,15,3,2009,Overall,1.6,0.3,EIP,1.96524,1.95333,1.61555,1.47138,16.0519,10.8649,8.43719,FALSE,FALSE,225
2008-09,16,4,2009,Overall,2,0.4,EIP,2.34368,2.42907,1.95333,1.61555,20.7613,16.0519,10.8649,FALSE,FALSE,256
2008-09,17,5,2009,Overall,2.5,0.5,EIP,2.86057,2.96686,2.42907,1.95333,23.9344,20.7613,16.0519,FALSE,FALSE,289
2008-09,18,6,2009,Overall,3.2,0.7,EIP,3.3421,3.57354,2.96686,2.42907,25.2699,23.9344,20.7613,FALSE,FALSE,324
2008-09,19,7,2009,Overall,4,0.8,EIP,3.20566,3.36653,3.57354,2.96686,24.8105,25.2699,23.9344,FALSE,FALSE,361
2008-09,20,8,2009,Overall,4.9,0.8,EIP,3.10049,3.2962,3.36653,3.57354,24.5383,24.8105,25.2699,FALSE,FALSE,400
2008-09,21,9,2009,Overall,5.6,0.7,EIP,2.95819,3.17227,3.2962,3.36653,24.3482,24.5383,24.8105,FALSE,FALSE,441
2008-09,22,10,2009,Overall,6.3,0.7,EIP,2.46381,2.5804,3.17227,3.2962,22.3762,24.3482,24.5383,FALSE,FALSE,484
2008-09,23,11,2009,Overall,6.8,0.5,EIP,2.19272,2.42922,2.5804,3.17227,20.5494,22.3762,24.3482,FALSE,FALSE,529
2008-09,24,12,2009,Overall,7.2,0.4,EIP,1.87395,1.99028,2.42922,2.5804,16.737,20.5494,22.3762,FALSE,FALSE,576
2008-09,25,13,2009,Overall,7.5,0.3,EIP,1.64817,1.72423,1.99028,2.42922,13.8283,16.737,20.5494,FALSE,FALSE,625
2008-09,26,14,2009,Overall,7.7,0.2,EIP,1.49878,1.60355,1.72423,1.99028,10.6575,13.8283,16.737,FALSE,FALSE,676
2008-09,27,15,2009,Overall,7.8,0.1,EIP,1.29233,1.28418,1.60355,1.72423,7.1887,10.6575,13.8283,FALSE,FALSE,729
2008-09,28,16,2009,Overall,7.8,0,EIP,1.27164,1.2932,1.28418,1.60355,7.67954,7.1887,10.6575,FALSE,FALSE,784
2008-09,29,17,2009,Overall,7.8,0,EIP,2.98159,2.74012,1.2932,1.28418,12.4631,7.67954,7.1887,FALSE,FALSE,841
2010-11,0,40,2010,Overall,0.1,0.1,EIP,1.13505,1.10939,1.11806,1.11803,2.13889,1.33869,1.62162,FALSE,FALSE,0
2010-11,1,41,2010,Overall,0.1,0,EIP,1.25256,1.24341,1.10939,1.11806,3.19521,2.13889,1.33869,FALSE,FALSE,1
2010-11,2,42,2010,Overall,0.1,0.1,EIP,1.2457,1.25726,1.24341,1.10939,3.38035,3.19521,2.13889,FALSE,FALSE,4
2010-11,3,43,2010,Overall,0.2,0.1,EIP,1.26774,1.25734,1.25726,1.24341,3.91509,3.38035,3.19521,FALSE,FALSE,9
2010-11,4,44,2010,Overall,0.3,0.1,EIP,1.43723,1.43414,1.25734,1.25726,5.36024,3.91509,3.38035,FALSE,FALSE,16
2010-11,5,45,2010,Overall,0.4,0.1,EIP,1.53341,1.51838,1.43414,1.25734,6.50921,5.36024,3.91509,FALSE,FALSE,25
2010-11,6,46,2010,Overall,0.5,0.1,EIP,1.69445,1.61617,1.51838,1.43414,8.73073,6.50921,5.36024,FALSE,FALSE,36
2010-11,7,47,2010,Overall,0.6,0.1,EIP,1.9915,1.84378,1.61617,1.51838,10.6091,8.73073,6.50921,FALSE,TRUE,49
2010-11,8,48,2010,Overall,0.8,0.2,EIP,1.81305,1.72535,1.84378,1.61617,9.99163,10.6091,8.73073,FALSE,TRUE,64
2010-11,9,49,2010,Overall,1.1,0.3,EIP,2.01426,1.87923,1.72535,1.84378,13.2526,9.99163,10.6091,FALSE,FALSE,81
2010-11,10,50,2010,Overall,1.4,0.3,EIP,2.55659,2.3371,1.87923,1.72535,18.8508,13.2526,9.99163,FALSE,FALSE,100
2010-11,11,51,2010,Overall,1.9,0.5,EIP,3.38185,3.03533,2.3371,1.87923,25.0367,18.8508,13.2526,TRUE,FALSE,121
2010-11,12,52,2010,Overall,2.6,0.7,EIP,3.43172,3.136,3.03533,2.3371,26.268,25.0367,18.8508,TRUE,FALSE,144
2010-11,13,1,2011,Overall,3.3,0.7,EIP,2.69151,2.53336,3.136,3.03533,25.17,26.268,25.0367,FALSE,FALSE,169
2010-11,14,2,2011,Overall,4,0.7,EIP,2.91063,2.91288,2.53336,3.136,29.2836,25.17,26.268,FALSE,FALSE,196
2010-11,15,3,2011,Overall,5,0.9,EIP,3.49232,3.44497,2.91288,2.53336,33.5231,29.2836,25.17,FALSE,FALSE,225
2010-11,16,4,2011,Overall,6.1,1.2,EIP,4.0037,4.16185,3.44497,2.91288,34.3398,33.5231,29.2836,FALSE,FALSE,256
2010-11,17,5,2011,Overall,7.8,1.6,EIP,4.43534,4.55159,4.16185,3.44497,35.4018,34.3398,33.5231,FALSE,FALSE,289
2010-11,18,6,2011,Overall,9.2,1.5,EIP,4.24215,4.46504,4.55159,4.16185,34.6624,35.4018,34.3398,FALSE,FALSE,324
2010-11,19,7,2011,Overall,11.2,2,EIP,4.39719,4.55124,4.46504,4.55159,34.8515,34.6624,35.4018,FALSE,FALSE,361
2010-11,20,8,2011,Overall,13.3,2.1,EIP,3.90256,4.0822,4.55124,4.46504,30.9785,34.8515,34.6624,FALSE,FALSE,400
2010-11,21,9,2011,Overall,15.2,1.9,EIP,3.15073,3.38812,4.0822,4.55124,27.5058,30.9785,34.8515,FALSE,FALSE,441
2010-11,22,10,2011,Overall,16.7,1.4,EIP,2.72422,2.99142,3.38812,4.0822,23.7935,27.5058,30.9785,FALSE,FALSE,484
2010-11,23,11,2011,Overall,17.8,1.2,EIP,2.33336,2.61542,2.99142,3.38812,20.284,23.7935,27.5058,FALSE,FALSE,529
2010-11,24,12,2011,Overall,18.6,0.8,EIP,1.925,2.09065,2.61542,2.99142,16.1199,20.284,23.7935,FALSE,FALSE,576
2010-11,25,13,2011,Overall,19.1,0.5,EIP,1.75243,1.86146,2.09065,2.61542,12.8043,16.1199,20.284,FALSE,FALSE,625
2010-11,26,14,2011,Overall,19.5,0.4,EIP,1.57704,1.61377,1.86146,2.09065,9.8133,12.8043,16.1199,FALSE,FALSE,676
2010-11,27,15,2011,Overall,19.8,0.3,EIP,1.35766,1.42199,1.61377,1.86146,7.12378,9.8133,12.8043,FALSE,FALSE,729
2010-11,28,16,2011,Overall,20,0.2,EIP,1.31223,1.3382,1.42199,1.61377,4.4162,7.12378,9.8133,FALSE,FALSE,784
2010-11,29,17,2011,Overall,20.1,0.1,EIP,1.14937,1.19995,1.3382,1.42199,3.34507,4.4162,7.12378,FALSE,FALSE,841
2011-12,0,40,2011,Overall,0,0,EIP,1.20345,1.16092,1.07583,1.03601,1.03383,1.19863,0.803982,FALSE,FALSE,0
2011-12,1,41,2011,Overall,0.1,0,EIP,1.23777,1.19785,1.16092,1.07583,0.572979,1.03383,1.19863,FALSE,FALSE,1
2011-12,2,42,2011,Overall,0.1,0,EIP,1.25259,1.27926,1.19785,1.16092,0.817518,0.572979,1.03383,FALSE,FALSE,4
2011-12,3,43,2011,Overall,0.1,0,EIP,1.30546,1.29194,1.27926,1.19785,1.17365,0.817518,0.572979,FALSE,FALSE,9
2011-12,4,44,2011,Overall,0.1,0,EIP,1.45295,1.42824,1.29194,1.27926,0.957055,1.17365,0.817518,FALSE,FALSE,16
2011-12,5,45,2011,Overall,0.1,0,EIP,1.44089,1.39803,1.42824,1.29194,1.13269,0.957055,1.17365,FALSE,FALSE,25
2011-12,6,46,2011,Overall,0.1,0,EIP,1.46221,1.45831,1.39803,1.42824,0.960699,1.13269,0.957055,FALSE,FALSE,36
2011-12,7,47,2011,Overall,0.2,0,EIP,1.65573,1.56548,1.45831,1.39803,1.82571,0.960699,1.13269,FALSE,TRUE,49
2011-12,8,48,2011,Overall,0.2,0,EIP,1.46606,1.34313,1.56548,1.45831,1.54209,1.82571,0.960699,FALSE,TRUE,64
2011-12,9,49,2011,Overall,0.2,0,EIP,1.51811,1.48139,1.34313,1.56548,2.29299,1.54209,1.82571,FALSE,FALSE,81
2011-12,10,50,2011,Overall,0.3,0.1,EIP,1.66429,1.63398,1.48139,1.34313,2.71097,2.29299,1.54209,FALSE,FALSE,100
2011-12,11,51,2011,Overall,0.3,0.1,EIP,1.85274,1.83126,1.63398,1.48139,3.8245,2.71097,2.29299,TRUE,FALSE,121
2011-12,12,52,2011,Overall,0.4,0.1,EIP,2.12413,2.10451,1.83126,1.63398,3.32724,3.8245,2.71097,TRUE,FALSE,144
2011-12,13,1,2012,Overall,0.5,0.1,EIP,1.76709,1.73625,2.10451,1.83126,3.21617,3.32724,3.8245,FALSE,FALSE,169
2011-12,14,2,2012,Overall,0.6,0.1,EIP,1.5434,1.55066,1.73625,2.10451,4.39993,3.21617,3.32724,FALSE,FALSE,196
2011-12,15,3,2012,Overall,0.7,0.1,EIP,1.64762,1.62891,1.55066,1.73625,5.9657,4.39993,3.21617,FALSE,FALSE,225
2011-12,16,4,2012,Overall,0.8,0.1,EIP,1.6843,1.76038,1.62891,1.55066,8.09932,5.9657,4.39993,FALSE,FALSE,256
2011-12,17,5,2012,Overall,1,0.2,EIP,1.86354,1.92728,1.76038,1.62891,10.8783,8.09932,5.9657,FALSE,FALSE,289
2011-12,18,6,2012,Overall,1.2,0.2,EIP,1.86408,1.91994,1.92728,1.76038,12.615,10.8783,8.09932,FALSE,FALSE,324
2011-12,19,7,2012,Overall,1.5,0.3,EIP,2.01839,2.09951,1.91994,1.92728,14.8397,12.615,10.8783,FALSE,FALSE,361
2011-12,20,8,2012,Overall,2,0.4,EIP,2.10385,2.23973,2.09951,1.91994,18.9968,14.8397,12.615,FALSE,FALSE,400
2011-12,21,9,2012,Overall,2.6,0.6,EIP,2.09555,2.21921,2.23973,2.09951,23.8185,18.9968,14.8397,FALSE,FALSE,441
2011-12,22,10,2012,Overall,3.4,0.8,EIP,2.10398,2.16693,2.21921,2.23973,28.183,23.8185,18.9968,FALSE,FALSE,484
2011-12,23,11,2012,Overall,4.4,1.1,EIP,2.2941,2.38913,2.16693,2.21921,30.7187,28.183,23.8185,FALSE,FALSE,529
2011-12,24,12,2012,Overall,5.4,1,EIP,1.92223,1.96466,2.38913,2.16693,27.527,30.7187,28.183,FALSE,FALSE,576
2011-12,25,13,2012,Overall,6.2,0.8,EIP,1.74239,1.84229,1.96466,2.38913,21.557,27.527,30.7187,FALSE,FALSE,625
2011-12,26,14,2012,Overall,6.9,0.7,EIP,1.67601,1.68674,1.84229,1.96466,22.0762,21.557,27.527,FALSE,FALSE,676
2011-12,27,15,2012,Overall,7.6,0.7,EIP,1.49637,1.53136,1.68674,1.84229,20.4473,22.0762,21.557,FALSE,FALSE,729
2011-12,28,16,2012,Overall,8.2,0.5,EIP,1.38202,1.37912,1.53136,1.68674,20.6363,20.4473,22.0762,FALSE,FALSE,784
2011-12,29,17,2012,Overall,8.6,0.4,EIP,1.28926,1.29515,1.37912,1.53136,17.2691,20.6363,20.4473,FALSE,FALSE,841
2012-13,0,40,2012,Overall,0,0,EIP,1.20559,1.23034,1.29393,1.22892,3.78905,3.59002,3.08483,FALSE,FALSE,0
2012-13,1,41,2012,Overall,0.1,0,EIP,1.31929,1.3278,1.23034,1.29393,3.92755,3.78905,3.59002,FALSE,FALSE,1
2012-13,2,42,2012,Overall,0.1,0.1,EIP,1.32737,1.33995,1.3278,1.23034,5.81063,3.92755,3.78905,FALSE,FALSE,4
2012-13,3,43,2012,Overall,0.1,0,EIP,1.36688,1.37842,1.33995,1.3278,6.55861,5.81063,3.92755,FALSE,FALSE,9
2012-13,4,44,2012,Overall,0.2,0.1,EIP,1.50535,1.50085,1.37842,1.33995,7.86164,6.55861,5.81063,FALSE,FALSE,16
2012-13,5,45,2012,Overall,0.4,0.2,EIP,1.61273,1.65163,1.50085,1.37842,9.75799,7.86164,6.55861,FALSE,FALSE,25
2012-13,6,46,2012,Overall,0.6,0.2,EIP,1.75208,1.76746,1.65163,1.50085,13.3611,9.75799,7.86164,FALSE,FALSE,36
2012-13,7,47,2012,Overall,1,0.4,EIP,2.33365,2.30609,1.76746,1.65163,18.4179,13.3611,9.75799,FALSE,TRUE,49
2012-13,8,48,2012,Overall,1.6,0.6,EIP,2.2268,2.16324,2.30609,1.76746,22.3829,18.4179,13.3611,FALSE,TRUE,64
2012-13,9,49,2012,Overall,2.6,1.1,EIP,2.97657,2.83038,2.16324,2.30609,29.204,22.3829,18.4179,FALSE,FALSE,81
2012-13,10,50,2012,Overall,4.2,1.6,EIP,3.62552,3.43761,2.83038,2.16324,32.6083,29.204,22.3829,FALSE,FALSE,100
2012-13,11,51,2012,Overall,7.2,2.9,EIP,4.5532,4.30554,3.43761,2.83038,37.4527,32.6083,29.204,TRUE,FALSE,121
2012-13,12,52,2012,Overall,11.9,4.7,EIP,6.02598,6.06082,4.30554,3.43761,37.8742,37.4527,32.6083,TRUE,FALSE,144
2012-13,13,1,2013,Overall,17.2,5.3,EIP,4.96368,4.64931,6.06082,4.30554,35.2971,37.8742,37.4527,FALSE,FALSE,169
2012-13,14,2,2013,Overall,22.1,4.9,EIP,4.69072,4.32584,4.64931,6.06082,34.2063,35.2971,37.8742,FALSE,FALSE,196
2012-13,15,3,2013,Overall,26,3.9,EIP,4.70473,4.51113,4.32584,4.64931,30.5432,34.2063,35.2971,FALSE,FALSE,225
2012-13,16,4,2013,Overall,29.3,3.3,EIP,4.1646,4.2171,4.51113,4.32584,29.5747,30.5432,34.2063,FALSE,FALSE,256
2012-13,17,5,2013,Overall,32,2.6,EIP,3.69533,3.78956,4.2171,4.51113,26.5221,29.5747,30.5432,FALSE,FALSE,289
2012-13,18,6,2013,Overall,34,2,EIP,3.2363,3.29206,3.78956,4.2171,22.7314,26.5221,29.5747,FALSE,FALSE,324
2012-13,19,7,2013,Overall,35.9,1.9,EIP,2.89421,3.0197,3.29206,3.78956,20.8809,22.7314,26.5221,FALSE,FALSE,361
2012-13,20,8,2013,Overall,37.3,1.4,EIP,2.71742,2.71499,3.0197,3.29206,20.037,20.8809,22.7314,FALSE,FALSE,400
2012-13,21,9,2013,Overall,38.5,1.2,EIP,2.52297,2.4845,2.71499,3.0197,18.7262,20.037,20.8809,FALSE,FALSE,441
2012-13,22,10,2013,Overall,39.6,1,EIP,2.55227,2.57808,2.4845,2.71499,17.9144,18.7262,20.037,FALSE,FALSE,484
2012-13,23,11,2013,Overall,40.5,0.9,EIP,2.43225,2.39237,2.57808,2.4845,16.916,17.9144,18.7262,FALSE,FALSE,529
2012-13,24,12,2013,Overall,41.2,0.7,EIP,2.10851,2.06778,2.39237,2.57808,15.913,16.916,17.9144,FALSE,FALSE,576
2012-13,25,13,2013,Overall,41.8,0.5,EIP,1.94725,1.90281,2.06778,2.39237,14.4522,15.913,16.916,FALSE,FALSE,625
2012-13,26,14,2013,Overall,42.3,0.6,EIP,1.74859,1.65902,1.90281,2.06778,13.9339,14.4522,15.913,FALSE,FALSE,676
2012-13,27,15,2013,Overall,42.7,0.3,EIP,1.49713,1.43006,1.65902,1.90281,10.8261,13.9339,14.4522,FALSE,FALSE,729
2012-13,28,16,2013,Overall,42.9,0.2,EIP,1.32313,1.27757,1.43006,1.65902,8.75336,10.8261,13.9339,FALSE,FALSE,784
2012-13,29,17,2013,Overall,43,0.2,EIP,1.22647,1.19009,1.27757,1.43006,7.67419,8.75336,10.8261,FALSE,FALSE,841
2013-14,0,40,2013,Overall,0,0,EIP,1.13249,1.15746,1.24709,1.0967,3.95032,4.09051,3.1893,FALSE,FALSE,0
2013-14,1,41,2013,Overall,0.1,0.1,EIP,1.21121,1.27184,1.15746,1.24709,3.94284,3.95032,4.09051,FALSE,FALSE,1
2013-14,2,42,2013,Overall,0.2,0.1,EIP,1.25682,1.31623,1.27184,1.15746,3.18911,3.94284,3.95032,FALSE,FALSE,4
2013-14,3,43,2013,Overall,0.2,0.1,EIP,1.37097,1.37444,1.31623,1.27184,3.53381,3.18911,3.94284,FALSE,FALSE,9
2013-14,4,44,2013,Overall,0.3,0.1,EIP,1.42956,1.46781,1.37444,1.31623,4.63901,3.53381,3.18911,FALSE,FALSE,16
2013-14,5,45,2013,Overall,0.5,0.1,EIP,1.53588,1.5834,1.46781,1.37444,5.75954,4.63901,3.53381,FALSE,FALSE,25
2013-14,6,46,2013,Overall,0.7,0.2,EIP,1.60267,1.60253,1.5834,1.46781,7.19145,5.75954,4.63901,FALSE,FALSE,36
2013-14,7,47,2013,Overall,1.1,0.4,EIP,1.73267,1.72344,1.60253,1.5834,9.14657,7.19145,5.75954,FALSE,TRUE,49
2013-14,8,48,2013,Overall,1.6,0.6,EIP,2.09858,2.11076,1.72344,1.60253,12.0813,9.14657,7.19145,FALSE,TRUE,64
2013-14,9,49,2013,Overall,2.7,1,EIP,2.21374,2.1708,2.11076,1.72344,16.9043,12.0813,9.14657,FALSE,FALSE,81
2013-14,10,50,2013,Overall,3.7,1.1,EIP,2.41674,2.36971,2.1708,2.11076,20.7899,16.9043,12.0813,FALSE,FALSE,100
2013-14,11,51,2013,Overall,5.8,2,EIP,3.03071,3.15997,2.36971,2.1708,28.2198,20.7899,16.9043,TRUE,FALSE,121
2013-14,12,52,2013,Overall,9,3.2,EIP,4.38724,4.59053,3.15997,2.36971,31.0706,28.2198,20.7899,TRUE,FALSE,144
2013-14,13,1,2014,Overall,12.9,3.9,EIP,4.2112,4.28195,4.59053,3.15997,29.1749,31.0706,28.2198,FALSE,FALSE,169
2013-14,14,2,2014,Overall,16.8,3.9,EIP,3.46492,3.56288,4.28195,4.59053,27.705,29.1749,31.0706,FALSE,FALSE,196
2013-14,15,3,2014,Overall,19.9,3.1,EIP,3.31698,3.36378,3.56288,4.28195,26.7735,27.705,29.1749,FALSE,FALSE,225
2013-14,16,4,2014,Overall,22.4,2.4,EIP,3.2407,3.39659,3.36378,3.56288,24.3017,26.7735,27.705,FALSE,FALSE,256
2013-14,17,5,2014,Overall,24.4,2.1,EIP,2.88598,3.11922,3.39659,3.36378,20.4542,24.3017,26.7735,FALSE,FALSE,289
2013-14,18,6,2014,Overall,26.2,1.8,EIP,2.62172,2.83572,3.11922,3.39659,19.0612,20.4542,24.3017,FALSE,FALSE,324
2013-14,19,7,2014,Overall,27.5,1.3,EIP,2.34067,2.48484,2.83572,3.11922,16.406,19.0612,20.4542,FALSE,FALSE,361
2013-14,20,8,2014,Overall,28.5,1,EIP,2.12059,2.2741,2.48484,2.83572,13.6425,16.406,19.0612,FALSE,FALSE,400
2013-14,21,9,2014,Overall,29.4,0.8,EIP,1.91094,2.07244,2.2741,2.48484,11.8806,13.6425,16.406,FALSE,FALSE,441
2013-14,22,10,2014,Overall,30,0.7,EIP,1.9023,1.98207,2.07244,2.2741,10.8357,11.8806,13.6425,FALSE,FALSE,484
2013-14,23,11,2014,Overall,30.7,0.7,EIP,1.76619,1.82441,1.98207,2.07244,11.0513,10.8357,11.8806,FALSE,FALSE,529
2013-14,24,12,2014,Overall,31.4,0.7,EIP,1.85791,1.82036,1.82441,1.98207,12.5365,11.0513,10.8357,FALSE,FALSE,576
2013-14,25,13,2014,Overall,32.1,0.7,EIP,1.82094,1.75391,1.82036,1.82441,13.3207,12.5365,11.0513,FALSE,FALSE,625
2013-14,26,14,2014,Overall,32.8,0.7,EIP,1.83453,1.74542,1.75391,1.82036,14.5133,13.3207,12.5365,FALSE,FALSE,676
2013-14,27,15,2014,Overall,33.7,0.8,EIP,1.75446,1.67236,1.74542,1.75391,14.9603,14.5133,13.3207,FALSE,FALSE,729
2013-14,28,16,2014,Overall,34.4,0.7,EIP,1.51636,1.51659,1.67236,1.74542,13.7184,14.9603,14.5133,FALSE,FALSE,784
2013-14,29,17,2014,Overall,35.2,0.8,EIP,1.40334,1.44778,1.51659,1.67236,13.0442,13.7184,14.9603,FALSE,FALSE,841
2014-15,0,40,2014,Overall,0.1,0.1,EIP,1.20612,1.16191,1.2071,1.22731,3.22985,3.4547,3.01003,FALSE,FALSE,0
2014-15,1,41,2014,Overall,0.2,0.1,EIP,1.32485,1.30905,1.16191,1.2071,3.97789,3.22985,3.4547,FALSE,FALSE,1
2014-15,2,42,2014,Overall,0.3,0.1,EIP,1.41192,1.37072,1.30905,1.16191,4.97911,3.97789,3.22985,FALSE,FALSE,4
2014-15,3,43,2014,Overall,0.4,0.1,EIP,1.42547,1.43373,1.37072,1.30905,4.77822,4.97911,3.97789,FALSE,FALSE,9
2014-15,4,44,2014,Overall,0.5,0.1,EIP,1.43909,1.42791,1.43373,1.37072,6.30474,4.77822,4.97911,FALSE,FALSE,16
2014-15,5,45,2014,Overall,0.7,0.2,EIP,1.61532,1.61605,1.42791,1.43373,8.94875,6.30474,4.77822,FALSE,FALSE,25
2014-15,6,46,2014,Overall,1,0.2,EIP,1.66473,1.65976,1.61605,1.42791,10.2853,8.94875,6.30474,FALSE,FALSE,36
2014-15,7,47,2014,Overall,1.4,0.5,EIP,2.0058,2.05459,1.65976,1.61605,14.8645,10.2853,8.94875,FALSE,TRUE,49
2014-15,8,48,2014,Overall,2.6,1.2,EIP,2.62227,2.53541,2.05459,1.65976,19.585,14.8645,10.2853,FALSE,TRUE,64
2014-15,9,49,2014,Overall,4.9,2.3,EIP,2.60749,2.54253,2.53541,2.05459,23.1056,19.585,14.8645,FALSE,FALSE,81
2014-15,10,50,2014,Overall,8.5,3.6,EIP,3.4178,3.60563,2.54253,2.53541,28.0293,23.1056,19.585,FALSE,FALSE,100
2014-15,11,51,2014,Overall,14.5,6,EIP,4.46555,4.90976,3.60563,2.54253,30.9048,28.0293,23.1056,TRUE,FALSE,121
2014-15,12,52,2014,Overall,23.5,9,EIP,6.11497,5.98221,4.90976,3.60563,32.4521,30.9048,28.0293,TRUE,FALSE,144
2014-15,13,1,2015,Overall,37.7,6.1,EIP,4.07898,4.21374,5.98221,4.90976,24.0106,32.4521,30.9048,FALSE,FALSE,169
2014-15,14,2,2015,Overall,42,4.3,EIP,3.93762,4.21022,4.21374,5.98221,24.2935,24.0106,32.4521,FALSE,FALSE,196
2014-15,15,3,2015,Overall,45.3,3.3,EIP,4.15076,4.25968,4.21022,4.21374,23.3462,24.2935,24.0106,FALSE,FALSE,225
2014-15,16,4,2015,Overall,48.2,3,EIP,3.87899,3.97761,4.25968,4.21022,21.5011,23.3462,24.2935,FALSE,FALSE,256
2014-15,17,5,2015,Overall,50.9,2.7,EIP,3.45794,3.63443,3.97761,4.25968,19.0054,21.5011,23.3462,FALSE,FALSE,289
2014-15,18,6,2015,Overall,53.1,2.2,EIP,3.06359,3.26527,3.63443,3.97761,15.5479,19.0054,21.5011,FALSE,FALSE,324
2014-15,19,7,2015,Overall,54.7,1.6,EIP,2.82646,2.93083,3.26527,3.63443,13.8723,15.5479,19.0054,FALSE,FALSE,361
2014-15,20,8,2015,Overall,56.2,1.5,EIP,2.3599,2.54474,2.93083,3.26527,12.7344,13.8723,15.5479,FALSE,FALSE,400
2014-15,21,9,2015,Overall,57.5,1.3,EIP,2.33472,2.47227,2.54474,2.93083,13.1685,12.7344,13.8723,FALSE,FALSE,441
2014-15,22,10,2015,Overall,58.7,1.2,EIP,2.21286,2.35665,2.47227,2.54474,12.7337,13.1685,12.7344,FALSE,FALSE,484
2014-15,23,11,2015,Overall,59.9,1.1,EIP,2.07619,2.17008,2.35665,2.47227,11.9931,12.7337,13.1685,FALSE,FALSE,529
2014-15,24,12,2015,Overall,60.9,1,EIP,2.01267,2.04297,2.17008,2.35665,11.2485,11.9931,12.7337,FALSE,FALSE,576
2014-15,25,13,2015,Overall,61.9,1,EIP,1.94192,1.954,2.04297,2.17008,11.0281,11.2485,11.9931,FALSE,FALSE,625
2014-15,26,14,2015,Overall,62.9,1,EIP,1.74809,1.72287,1.954,2.04297,9.99797,11.0281,11.2485,FALSE,FALSE,676
2014-15,27,15,2015,Overall,63.6,0.7,EIP,1.50367,1.53694,1.72287,1.954,8.41736,9.99797,11.0281,FALSE,FALSE,729
2014-15,28,16,2015,Overall,64,0.4,EIP,1.43494,1.38283,1.53694,1.72287,6.51057,8.41736,9.99797,FALSE,FALSE,784
2014-15,29,17,2015,Overall,64.2,0.2,EIP,1.45673,1.46265,1.38283,1.53694,5.66388,6.51057,8.41736,FALSE,FALSE,841
2015-16,0,40,2015,Overall,0.1,0.1,EIP,1.24325,1.22559,1.05995,1.06625,1.05578,2.04536,1.88594,FALSE,FALSE,0
2015-16,1,41,2015,Overall,0.2,0.1,EIP,1.3234,1.31066,1.22559,1.05995,1.29662,1.05578,2.04536,FALSE,FALSE,1
2015-16,2,42,2015,Overall,0.2,0.1,EIP,1.40399,1.3711,1.31066,1.22559,1.10855,1.29662,1.05578,FALSE,FALSE,4
2015-16,3,43,2015,Overall,0.3,0.1,EIP,1.37629,1.39171,1.3711,1.31066,1.10807,1.10855,1.29662,FALSE,FALSE,9
2015-16,4,44,2015,Overall,0.4,0.1,EIP,1.46866,1.43712,1.39171,1.3711,1.12344,1.10807,1.10855,FALSE,FALSE,16
2015-16,5,45,2015,Overall,0.4,0,EIP,1.533,1.50165,1.43712,1.39171,1.38224,1.12344,1.10807,FALSE,FALSE,25
2015-16,6,46,2015,Overall,0.5,0.1,EIP,1.60841,1.59805,1.50165,1.43712,1.19344,1.38224,1.12344,FALSE,FALSE,36
2015-16,7,47,2015,Overall,0.6,0.1,EIP,1.90047,1.89668,1.59805,1.50165,1.38506,1.19344,1.38224,FALSE,TRUE,49
2015-16,8,48,2015,Overall,0.7,0.1,EIP,1.73645,1.67728,1.89668,1.59805,1.39498,1.38506,1.19344,FALSE,TRUE,64
2015-16,9,49,2015,Overall,0.9,0.1,EIP,1.81945,1.78296,1.67728,1.89668,1.47544,1.39498,1.38506,FALSE,FALSE,81
2015-16,10,50,2015,Overall,1,0.2,EIP,1.96571,1.87336,1.78296,1.67728,2.51181,1.47544,1.39498,FALSE,FALSE,100
2015-16,11,51,2015,Overall,1.2,0.2,EIP,2.42021,2.32148,1.87336,1.78296,2.287,2.51181,1.47544,TRUE,FALSE,121
2015-16,12,52,2015,Overall,1.5,0.2,EIP,2.41083,2.40991,2.32148,1.87336,2.45958,2.287,2.51181,TRUE,FALSE,144
2015-16,13,1,2016,Overall,1.8,0.4,EIP,1.98859,1.94328,2.40991,2.32148,2.93137,2.45958,2.287,FALSE,FALSE,169
2015-16,14,2,2016,Overall,2.1,0.3,EIP,1.98985,1.99796,1.94328,2.40991,4.25384,2.93137,2.45958,FALSE,FALSE,196
2015-16,15,3,2016,Overall,2.5,0.4,EIP,2.1071,2.11829,1.99796,1.94328,5.48463,4.25384,2.93137,FALSE,FALSE,225
2015-16,16,4,2016,Overall,3.1,0.6,EIP,2.19256,2.25112,2.11829,1.99796,6.95974,5.48463,4.25384,FALSE,FALSE,256
2015-16,17,5,2016,Overall,4,0.8,EIP,2.30014,2.37116,2.25112,2.11829,9.69858,6.95974,5.48463,FALSE,FALSE,289
2015-16,18,6,2016,Overall,5.1,1.2,EIP,2.67574,2.80035,2.37116,2.25112,12.5491,9.69858,6.95974,FALSE,FALSE,324
2015-16,19,7,2016,Overall,7.1,1.9,EIP,3.02427,3.16475,2.80035,2.37116,15.5359,12.5491,9.69858,FALSE,FALSE,361
2015-16,20,8,2016,Overall,9.5,2.5,EIP,3.11328,3.15183,3.16475,2.80035,18.3621,15.5359,12.5491,FALSE,FALSE,400
2015-16,21,9,2016,Overall,12.8,3.3,EIP,3.32788,3.3321,3.15183,3.16475,21.1098,18.3621,15.5359,FALSE,FALSE,441
2015-16,22,10,2016,Overall,17,4.2,EIP,3.5918,3.56024,3.3321,3.15183,23.6454,21.1098,18.3621,FALSE,FALSE,484
2015-16,23,11,2016,Overall,20.5,3.5,EIP,3.09262,3.05479,3.56024,3.3321,19.972,23.6454,21.1098,FALSE,FALSE,529
2015-16,24,12,2016,Overall,23.6,3.1,EIP,2.78803,2.76732,3.05479,3.56024,18.4709,19.972,23.6454,FALSE,FALSE,576
2015-16,25,13,2016,Overall,26.2,2.6,EIP,2.52371,2.44161,2.76732,3.05479,16.2265,18.4709,19.972,FALSE,FALSE,625
2015-16,26,14,2016,Overall,28.1,1.9,EIP,2.12928,2.03348,2.44161,2.76732,14.0164,16.2265,18.4709,FALSE,FALSE,676
2015-16,27,15,2016,Overall,29.6,1.5,EIP,2.05142,1.98593,2.03348,2.44161,13.2362,14.0164,16.2265,FALSE,FALSE,729
2015-16,28,16,2016,Overall,30.7,1.1,EIP,1.98957,1.91514,1.98593,2.03348,12.3464,13.2362,14.0164,FALSE,FALSE,784
2015-16,29,17,2016,Overall,31.5,0.8,EIP,1.7858,1.69968,1.91514,1.98593,10.2615,12.3464,13.2362,FALSE,FALSE,841
2016-17,0,40,2016,Overall,0.1,0.1,EIP,1.27386,1.2019,1.18841,1.10163,1.56951,1.78369,1.74135,FALSE,FALSE,0
2016-17,1,41,2016,Overall,0.2,0.1,EIP,1.29342,1.23108,1.2019,1.18841,1.35914,1.56951,1.78369,FALSE,FALSE,1
2016-17,2,42,2016,Overall,0.3,0.1,EIP,1.33097,1.26796,1.23108,1.2019,1.40304,1.35914,1.56951,FALSE,FALSE,4
2016-17,3,43,2016,Overall,0.4,0.1,EIP,1.42662,1.36298,1.26796,1.23108,1.50862,1.40304,1.35914,FALSE,FALSE,9
2016-17,4,44,2016,Overall,0.5,0.1,EIP,1.57071,1.48535,1.36298,1.26796,1.91569,1.50862,1.40304,FALSE,FALSE,16
2016-17,5,45,2016,Overall,0.7,0.2,EIP,1.65146,1.55954,1.48535,1.36298,2.20089,1.91569,1.50862,FALSE,FALSE,25
2016-17,6,46,2016,Overall,0.9,0.2,EIP,1.73309,1.64783,1.55954,1.48535,2.57608,2.20089,1.91569,FALSE,FALSE,36
2016-17,7,47,2016,Overall,1.2,0.3,EIP,2.03388,1.91275,1.64783,1.55954,3.34773,2.57608,2.20089,FALSE,TRUE,49
2016-17,8,48,2016,Overall,1.7,0.4,EIP,1.88331,1.81725,1.91275,1.64783,3.3191,3.34773,2.57608,FALSE,TRUE,64
2016-17,9,49,2016,Overall,2.3,0.6,EIP,2.00292,1.91433,1.81725,1.91275,4.25987,3.3191,3.34773,FALSE,FALSE,81
2016-17,10,50,2016,Overall,3.1,0.8,EIP,2.27731,2.21003,1.91433,1.81725,6.68342,4.25987,3.3191,FALSE,FALSE,100
2016-17,11,51,2016,Overall,4.8,1.7,EIP,2.91465,2.73568,2.21003,1.91433,10.7819,6.68342,4.25987,TRUE,FALSE,121
2016-17,12,52,2016,Overall,8.2,3.4,EIP,3.54919,3.36832,2.73568,2.21003,13.9993,10.7819,6.68342,TRUE,FALSE,144
2016-17,13,1,2017,Overall,12.6,4.4,EIP,3.08102,3.09689,3.36832,2.73568,13.3436,13.9993,10.7819,FALSE,FALSE,169
2016-17,14,2,2017,Overall,16.6,4.1,EIP,3.01875,3.07346,3.09689,3.36832,15.373,13.3436,13.9993,FALSE,FALSE,196
2016-17,15,3,2017,Overall,20.7,4,EIP,3.40446,3.51643,3.07346,3.09689,18.2865,15.373,13.3436,FALSE,FALSE,225
2016-17,16,4,2017,Overall,24.2,3.5,EIP,3.52869,3.8027,3.51643,3.07346,18.5299,18.2865,15.373,FALSE,FALSE,256
2016-17,17,5,2017,Overall,28.1,3.9,EIP,4.10665,4.50313,3.8027,3.51643,21.4215,18.5299,18.2865,FALSE,FALSE,289
2016-17,18,6,2017,Overall,32.8,4.7,EIP,4.7551,5.06308,4.50313,3.8027,24.1525,21.4215,18.5299,FALSE,FALSE,324
2016-17,19,7,2017,Overall,38,5.1,EIP,4.65163,4.86009,5.06308,4.50313,24.5117,24.1525,21.4215,FALSE,FALSE,361
2016-17,20,8,2017,Overall,43.2,5.2,EIP,4.57049,4.57916,4.86009,5.06308,24.7251,24.5117,24.1525,FALSE,FALSE,400
2016-17,21,9,2017,Overall,46.4,3.2,EIP,3.45522,3.55674,4.57916,4.86009,19.772,24.7251,24.5117,FALSE,FALSE,441
2016-17,22,10,2017,Overall,49.2,2.9,EIP,3.29505,3.50417,3.55674,4.57916,19.2714,19.772,24.7251,FALSE,FALSE,484
2016-17,23,11,2017,Overall,51.9,2.7,EIP,3.16426,3.21511,3.50417,3.55674,19.0338,19.2714,19.772,FALSE,FALSE,529
2016-17,24,12,2017,Overall,54.8,2.9,EIP,3.14433,3.10088,3.21511,3.50417,19.7113,19.0338,19.2714,FALSE,FALSE,576
2016-17,25,13,2017,Overall,57.5,2.8,EIP,2.87936,2.79056,3.10088,3.21511,18.4816,19.7113,19.0338,FALSE,FALSE,625
2016-17,26,14,2017,Overall,59.5,2,EIP,2.36977,2.38547,2.79056,3.10088,15.4251,18.4816,19.7113,FALSE,FALSE,676
2016-17,27,15,2017,Overall,60.9,1.4,EIP,1.93853,1.9703,2.38547,2.79056,12.7395,15.4251,18.4816,FALSE,FALSE,729
2016-17,28,16,2017,Overall,61.9,1,EIP,1.64064,1.73442,1.9703,2.38547,9.69626,12.7395,15.4251,FALSE,FALSE,784
2016-17,29,17,2017,Overall,62.5,0.6,EIP,1.4752,1.56303,1.73442,1.9703,6.76776,9.69626,12.7395,FALSE,FALSE,841
2017-18,0,40,2017,Overall,0.1,0.1,EIP,1.2802,1.26589,1.18882,1.09775,2.20191,1.70313,1.66942,FALSE,FALSE,0
2017-18,1,41,2017,Overall,0.2,0.1,EIP,1.33123,1.30479,1.26589,1.18882,2.08975,2.20191,1.70313,FALSE,FALSE,1
2017-18,2,42,2017,Overall,0.5,0.2,EIP,1.40786,1.34075,1.30479,1.26589,2.17647,2.08975,2.20191,FALSE,FALSE,4
2017-18,3,43,2017,Overall,0.7,0.2,EIP,1.5722,1.51674,1.34075,1.30479,2.58279,2.17647,2.08975,FALSE,FALSE,9
2017-18,4,44,2017,Overall,1,0.3,EIP,1.70326,1.74583,1.51674,1.34075,3.60729,2.58279,2.17647,FALSE,FALSE,16
2017-18,5,45,2017,Overall,1.4,0.4,EIP,1.86636,1.88708,1.74583,1.51674,4.24472,3.60729,2.58279,FALSE,FALSE,25
2017-18,6,46,2017,Overall,1.9,0.5,EIP,2.07647,2.05923,1.88708,1.74583,5.29966,4.24472,3.60729,FALSE,FALSE,36
2017-18,7,47,2017,Overall,2.7,0.8,EIP,2.33593,2.27971,2.05923,1.88708,7.0877,5.29966,4.24472,FALSE,TRUE,49
2017-18,8,48,2017,Overall,4,1.2,EIP,2.24637,2.28379,2.27971,2.05923,7.30533,7.0877,5.29966,FALSE,TRUE,64
2017-18,9,49,2017,Overall,5.4,1.5,EIP,2.49504,2.58278,2.28379,2.27971,10.7453,7.30533,7.0877,FALSE,FALSE,81
2017-18,10,50,2017,Overall,7.8,2.4,EIP,3.2005,3.36558,2.58278,2.28379,15.3549,10.7453,7.30533,FALSE,FALSE,100
2017-18,11,51,2017,Overall,12.6,4.8,EIP,4.43807,4.73117,3.36558,2.58278,22.777,15.3549,10.7453,TRUE,FALSE,121
2017-18,12,52,2017,Overall,20.8,8.2,EIP,5.46361,5.70943,4.73117,3.36558,25.3864,22.777,15.3549,TRUE,FALSE,144
2017-18,13,1,2018,Overall,31.1,10.3,EIP,5.35765,5.74658,5.70943,4.73117,25.3653,25.3864,22.777,FALSE,FALSE,169
2017-18,14,2,2018,Overall,40.8,9.6,EIP,5.52437,5.89207,5.74658,5.70943,26.9421,25.3653,25.3864,FALSE,FALSE,196
2017-18,15,3,2018,Overall,49.6,8.8,EIP,6.34528,6.51759,5.89207,5.74658,27.034,26.9421,25.3653,FALSE,FALSE,225
2017-18,16,4,2018,Overall,58.2,8.6,EIP,7.01811,7.16338,6.51759,5.89207,27.3698,27.034,26.9421,FALSE,FALSE,256
2017-18,17,5,2018,Overall,66.2,8,EIP,7.7809,7.52133,7.16338,6.51759,27.0643,27.3698,27.034,FALSE,FALSE,289
2017-18,18,6,2018,Overall,73.3,7.1,EIP,7.76939,7.38748,7.52133,7.16338,26.9981,27.0643,27.3698,FALSE,FALSE,324
2017-18,19,7,2018,Overall,79.6,6.4,EIP,6.81176,6.44688,7.38748,7.52133,26.1174,26.9981,27.0643,FALSE,FALSE,361
2017-18,20,8,2018,Overall,84.7,5.1,EIP,5.15749,4.95881,6.44688,7.38748,22.6155,26.1174,26.9981,FALSE,FALSE,400
2017-18,21,9,2018,Overall,88.2,3.5,EIP,3.55945,3.68612,4.95881,6.44688,18.4867,22.6155,26.1174,FALSE,FALSE,441
2017-18,22,10,2018,Overall,91,2.8,EIP,3.00518,3.18626,3.68612,4.95881,15.6938,18.4867,22.6155,FALSE,FALSE,484
2017-18,23,11,2018,Overall,93.7,2.7,EIP,2.73038,2.76894,3.18626,3.68612,15.5813,15.6938,18.4867,FALSE,FALSE,529
2017-18,24,12,2018,Overall,95.7,2,EIP,2.47768,2.48706,2.76894,3.18626,15.328,15.5813,15.6938,FALSE,FALSE,576
2017-18,25,13,2018,Overall,97.7,2,EIP,2.36314,2.40802,2.48706,2.76894,15.1135,15.328,15.5813,FALSE,FALSE,625
2017-18,26,14,2018,Overall,99.4,1.7,EIP,2.03139,2.07483,2.40802,2.48706,12.6888,15.1135,15.328,FALSE,FALSE,676
2017-18,27,15,2018,Overall,100.6,1.2,EIP,1.80376,1.77898,2.07483,2.40802,11.2486,12.6888,15.1135,FALSE,FALSE,729
2017-18,28,16,2018,Overall,101.5,1,EIP,1.58696,1.61487,1.77898,2.07483,9.39813,11.2486,12.6888,FALSE,FALSE,784
2017-18,29,17,2018,Overall,102.5,0.9,EIP,1.53801,1.5385,1.61487,1.77898,7.99876,9.39813,11.2486,FALSE,FALSE,841
2018-19,0,40,2018,Overall,0.1,0.1,EIP,1.42133,1.42158,1.2498,1.20178,1.74855,1.49699,1.69929,FALSE,FALSE,0
2018-19,1,41,2018,Overall,0.2,0.1,EIP,1.4746,1.40328,1.42158,1.2498,1.6967,1.74855,1.49699,FALSE,FALSE,1
2018-19,2,42,2018,Overall,0.3,0.1,EIP,1.58977,1.47183,1.40328,1.42158,1.98118,1.6967,1.74855,FALSE,FALSE,4
2018-19,3,43,2018,Overall,0.4,0.1,EIP,1.72501,1.63975,1.47183,1.40328,2.06374,1.98118,1.6967,FALSE,FALSE,9
2018-19,4,44,2018,Overall,0.6,0.2,EIP,1.84103,1.79022,1.63975,1.47183,2.18325,2.06374,1.98118,FALSE,FALSE,16
2018-19,5,45,2018,Overall,0.8,0.2,EIP,1.92737,1.86799,1.79022,1.63975,2.73943,2.18325,2.06374,FALSE,FALSE,25
2018-19,6,46,2018,Overall,1,0.2,EIP,2.09281,1.99062,1.86799,1.79022,3.1582,2.73943,2.18325,FALSE,FALSE,36
2018-19,7,47,2018,Overall,1.4,0.3,EIP,2.40619,2.24196,1.99062,1.86799,3.92715,3.1582,2.73943,FALSE,TRUE,49
2018-19,8,48,2018,Overall,2,0.6,EIP,2.24923,2.14993,2.24196,1.99062,3.91885,3.92715,3.1582,FALSE,TRUE,64
2018-19,9,49,2018,Overall,2.7,0.8,EIP,2.31067,2.26267,2.14993,2.24196,6.258,3.91885,3.92715,FALSE,FALSE,81
2018-19,10,50,2018,Overall,4,1.3,EIP,2.73537,2.63691,2.26267,2.14993,10.4001,6.258,3.91885,FALSE,FALSE,100
2018-19,11,51,2018,Overall,6.1,2.1,EIP,3.24277,3.13053,2.63691,2.26267,14.3063,10.4001,6.258,TRUE,FALSE,121
2018-19,12,52,2018,Overall,9.3,3.2,EIP,4.18246,3.95397,3.13053,2.63691,16.388,14.3063,10.4001,TRUE,FALSE,144
2018-19,13,1,2019,Overall,12.6,3.3,EIP,3.63116,3.45315,3.95397,3.13053,12.1653,16.388,14.3063,FALSE,FALSE,169
2018-19,14,2,2019,Overall,15.3,2.7,EIP,3.16293,3.09958,3.45315,3.95397,12.7469,12.1653,16.388,FALSE,FALSE,196
2018-19,15,3,2019,Overall,17.4,2.1,EIP,3.36599,3.32135,3.09958,3.45315,16.3422,12.7469,12.1653,FALSE,FALSE,225
2018-19,16,4,2019,Overall,19.6,2.2,EIP,3.89212,3.78973,3.32135,3.09958,19.4224,16.3422,12.7469,FALSE,FALSE,256
2018-19,17,5,2019,Overall,22.5,2.9,EIP,4.53541,4.34374,3.78973,3.32135,22.5275,19.4224,16.3422,FALSE,FALSE,289
2018-19,18,6,2019,Overall,26.2,3.6,EIP,5.20804,4.85886,4.34374,3.78973,25.1124,22.5275,19.4224,FALSE,FALSE,324
2018-19,19,7,2019,Overall,30.1,3.9,EIP,5.45133,5.06384,4.85886,4.34374,26.0198,25.1124,22.5275,FALSE,FALSE,361
2018-19,20,8,2019,Overall,34.8,4.6,EIP,5.30801,4.91983,5.06384,4.85886,26.2443,26.0198,25.1124,FALSE,FALSE,400
2018-19,21,9,2019,Overall,39.5,4.7,EIP,4.62225,4.58559,4.91983,5.06384,26.101,26.2443,26.0198,FALSE,FALSE,441
2018-19,22,10,2019,Overall,44.7,5.3,EIP,4.42052,4.40531,4.58559,4.91983,25.6437,26.101,26.2443,FALSE,FALSE,484
2018-19,23,11,2019,Overall,50.1,5.4,EIP,4.14628,4.24417,4.40531,4.58559,26.1659,25.6437,26.101,FALSE,FALSE,529
2018-19,24,12,2019,Overall,54.8,4.7,EIP,3.50477,3.68615,4.24417,4.40531,22.5059,26.1659,25.6437,FALSE,FALSE,576
2018-19,25,13,2019,Overall,58.4,3.6,EIP,3.06756,3.11403,3.68615,4.24417,19.3461,22.5059,26.1659,FALSE,FALSE,625
2018-19,26,14,2019,Overall,61.1,2.7,EIP,2.68614,2.71415,3.11403,3.68615,14.9584,19.3461,22.5059,FALSE,FALSE,676
2018-19,27,15,2019,Overall,62.9,1.8,EIP,2.2832,2.3187,2.71415,3.11403,11.903,14.9584,19.3461,FALSE,FALSE,729
2018-19,28,16,2019,Overall,64.1,1.2,EIP,1.97841,2.03857,2.3187,2.71415,8.59938,11.903,14.9584,FALSE,FALSE,784
2018-19,29,17,2019,Overall,64.9,0.9,EIP,1.7374,1.73825,2.03857,2.3187,5.83306,8.59938,11.903,FALSE,FALSE,841
