season,weekint,mmwr_week,year,agecat,cumrates,weekrate,flu.a,flu.b,flu.ab,flu.unk,flu.tot,pct_weighted_ili,pct_unweighted_ili,ilitotal,num_of_providers,total_patients,xmas,thanksgiving,weekint2
2003-04,1,40,2003,Overall,0,0,0,0,0,0,0,0.884021,0.960873,2442,830,254144,FALSE,FALSE,1
2003-04,2,41,2003,Overall,0,0,1,0,0,0,1,1.02773,1.04325,2932,931,281045,FALSE,FALSE,4
2003-04,3,42,2003,Overall,0,0,0,0,0,0,0,1.28296,1.0545,3031,974,287436,FALSE,FALSE,9
2003-04,4,43,2003,Overall,0,0,0,0,0,0,0,1.32661,1.11231,3475,1007,312412,FALSE,FALSE,16
2003-04,5,44,2003,Overall,0.1,0.1,3,0,0,0,3,1.77304,1.41274,4690,1074,331980,FALSE,FALSE,25
2003-04,6,45,2003,Overall,0.4,0.3,11,0,0,1,12,2.43814,1.72703,5790,1111,335258,FALSE,FALSE,36
2003-04,7,46,2003,Overall,1.4,1,39,0,0,5,44,2.72605,2.407,8385,1141,348359,FALSE,FALSE,49
2003-04,8,47,2003,Overall,3.5,2.1,79,0,0,11,90,3.73192,3.10962,11141,1129,358275,FALSE,TRUE,64
2003-04,9,48,2003,Overall,6.2,2.7,101,1,0,14,116,4.54894,4.30779,11742,1118,272576,FALSE,TRUE,81
2003-04,10,49,2003,Overall,10,3.7,123,1,0,35,159,5.39906,4.8303,18948,1189,392274,FALSE,FALSE,100
2003-04,11,50,2003,Overall,14.3,4.3,137,1,0,47,185,7.38735,6.42905,24962,1173,388269,FALSE,FALSE,121
2003-04,12,51,2003,Overall,19.7,5.4,157,1,0,73,231,7.48097,6.86734,23699,1148,345097,TRUE,FALSE,144
2003-04,13,52,2003,Overall,24,4.3,145,0,0,40,185,7.62797,7.06496,16415,1122,232344,TRUE,FALSE,169
2003-04,14,53,2003,Overall,27,3,96,0,0,30,126,5.14051,4.55115,11332,1139,248992,FALSE,FALSE,196
2003-04,15,1,2004,Overall,28.2,1.3,43,0,0,11,54,2.89129,2.41833,7602,1160,314349,FALSE,FALSE,225
2003-04,16,2,2004,Overall,29.3,1.1,30,1,0,16,47,2.10429,1.80906,5583,1141,308614,FALSE,FALSE,256
2003-04,17,3,2004,Overall,29.9,0.6,14,0,0,11,25,1.88696,1.71202,4961,1084,289774,FALSE,FALSE,289
2003-04,18,4,2004,Overall,30.1,0.2,4,0,0,3,7,1.7766,1.5425,4436,1071,287586,FALSE,FALSE,324
2003-04,19,5,2004,Overall,30.3,0.2,4,0,0,4,8,1.46001,1.43787,4251,1054,295646,FALSE,FALSE,361
2003-04,20,6,2004,Overall,30.3,0.1,3,0,0,0,3,1.37787,1.32427,3824,986,288762,FALSE,FALSE,400
2003-04,21,7,2004,Overall,30.4,0,1,0,0,1,2,1.30532,1.30726,3691,1004,282347,FALSE,FALSE,441
2003-04,22,8,2004,Overall,30.5,0.1,2,0,0,1,3,1.08691,1.03698,2916,948,281202,FALSE,FALSE,484
2003-04,23,9,2004,Overall,30.5,0,0,0,0,0,0,0.991888,1.01032,2744,894,271597,FALSE,FALSE,529
2003-04,24,10,2004,Overall,30.5,0.1,1,0,0,2,3,1.02765,1.05249,2708,897,257294,FALSE,FALSE,576
2003-04,25,11,2004,Overall,30.6,0,0,0,0,1,1,1.0579,1.02009,2487,849,243802,FALSE,FALSE,625
2003-04,26,12,2004,Overall,30.6,0,0,0,0,0,0,0.849361,0.924419,2300,859,248805,FALSE,FALSE,676
2003-04,27,13,2004,Overall,30.6,0,1,0,0,0,1,0.747127,0.790645,1858,828,234998,FALSE,FALSE,729
2003-04,28,14,2004,Overall,30.6,0,0,0,0,0,0,0.661708,0.80261,1705,774,212432,FALSE,FALSE,784
2003-04,29,15,2004,Overall,30.6,0,0,0,0,0,0,0.679514,0.83613,1749,755,209178,FALSE,FALSE,841
2003-04,30,16,2004,Overall,30.6,0,0,0,0,0,0,0.633071,0.792436,1615,679,203802,FALSE,FALSE,900
2003-04,31,17,2004,Overall,30.6,0,0,0,0,0,0,0.569894,0.683588,1331,658,194708,FALSE,FALSE,961
2004-05,1,40,2004,Overall,0,0,0,0,0,0,0,0.982275,0.897159,3171,1176,353449,FALSE,FALSE,1
2004-05,2,41,2004,Overall,0,0,0,1,0,0,1,1.01821,1.02248,3631,1187,355116,FALSE,FALSE,4
2004-05,3,42,2004,Overall,0,0,0,0,0,0,0,1.1768,1.06296,4019,1267,378094,FALSE,FALSE,9
2004-05,4,43,2004,Overall,0,0,0,0,0,0,0,1.30121,1.14696,4369,1293,380921,FALSE,FALSE,16
2004-05,5,44,2004,Overall,0,0,0,0,0,0,0,1.27746,1.20495,4551,1302,377692,FALSE,FALSE,25
2004-05,6,45,2004,Overall,0,0,0,1,0,0,1,1.40387,1.30517,4969,1344,380718,FALSE,FALSE,36
2004-05,7,46,2004,Overall,0.2,0.1,6,0,0,0,6,1.40301,1.28699,4983,1336,387182,FALSE,FALSE,49
2004-05,8,47,2004,Overall,0.2,0,1,0,0,0,1,1.73975,1.59468,4713,1341,295546,FALSE,TRUE,64
2004-05,9,48,2004,Overall,0.2,0,0,1,0,0,1,1.56894,1.39714,5407,1369,387004,FALSE,TRUE,81
2004-05,10,49,2004,Overall,0.3,0.1,0,3,0,0,3,1.65927,1.44996,5428,1346,374356,FALSE,FALSE,100
2004-05,11,50,2004,Overall,0.4,0.2,5,2,0,0,7,1.81341,1.61745,5755,1379,355806,FALSE,FALSE,121
2004-05,12,51,2004,Overall,0.7,0.2,9,1,0,0,10,2.37626,2.19112,5689,1288,259639,TRUE,FALSE,144
2004-05,13,52,2004,Overall,1.2,0.6,22,2,0,1,25,2.77052,2.56649,7279,1332,283617,TRUE,FALSE,169
2004-05,15,1,2005,Overall,1.9,0.7,24,6,0,2,32,2.40064,2.17645,8041,1383,369455,FALSE,FALSE,225
2004-05,16,2,2005,Overall,2.7,0.7,25,9,0,0,34,2.54155,2.20171,8323,1342,378024,FALSE,FALSE,256
2004-05,17,3,2005,Overall,3.8,1.1,44,7,0,1,52,2.85871,2.53012,9328,1348,368678,FALSE,FALSE,289
2004-05,18,4,2005,Overall,4.9,1.1,39,8,0,4,51,3.55011,3.06524,12422,1334,405254,FALSE,FALSE,324
2004-05,19,5,2005,Overall,6.2,1.3,44,12,0,2,58,4.58591,3.98061,16192,1303,406772,FALSE,FALSE,361
2004-05,20,6,2005,Overall,7.5,1.3,47,9,0,3,59,5.05809,4.59568,19369,1324,421461,FALSE,FALSE,400
2004-05,21,7,2005,Overall,8.8,1.3,32,10,0,16,58,5.44151,4.75197,19931,1330,419426,FALSE,FALSE,441
2004-05,22,8,2005,Overall,10,1.2,23,16,0,15,54,4.4729,4.17962,16630,1280,397883,FALSE,FALSE,484
2004-05,23,9,2005,Overall,10.9,0.9,21,14,0,8,43,3.6752,3.45359,13234,1268,383196,FALSE,FALSE,529
2004-05,24,10,2005,Overall,11.6,0.7,17,13,0,3,33,3.3353,3.15852,11601,1227,367292,FALSE,FALSE,576
2004-05,25,11,2005,Overall,12.1,0.5,12,10,0,0,22,2.76224,2.6732,9502,1185,355454,FALSE,FALSE,625
2004-05,26,12,2005,Overall,12.7,0.6,10,13,0,2,25,2.46844,2.35161,7900,1148,335940,FALSE,FALSE,676
2004-05,27,13,2005,Overall,13.1,0.4,9,9,0,0,18,2.00081,1.89243,6329,1103,334438,FALSE,FALSE,729
2004-05,28,14,2005,Overall,13.3,0.2,5,4,0,0,9,1.54319,1.5249,4816,1048,315823,FALSE,FALSE,784
2004-05,29,15,2005,Overall,13.4,0.1,2,4,0,0,6,1.50195,1.41134,4445,1000,314948,FALSE,FALSE,841
2004-05,30,16,2005,Overall,13.4,0,1,0,0,0,1,1.22918,1.25068,3825,978,305833,FALSE,FALSE,900
2004-05,31,17,2005,Overall,13.5,0.1,3,2,0,0,5,1.21854,1.20702,3646,971,302065,FALSE,FALSE,961
2005-06,1,40,2005,Overall,0,0,2,0,0,0,2,1.17778,1.07635,3586,1113,333164,FALSE,FALSE,1
2005-06,2,41,2005,Overall,0,0,2,0,0,0,2,1.21947,1.05869,3582,1160,338343,FALSE,FALSE,4
2005-06,3,42,2005,Overall,0,0,0,1,0,0,1,1.3069,1.11523,4122,1216,369609,FALSE,FALSE,9
2005-06,4,43,2005,Overall,0,0,0,0,0,0,0,1.33931,1.12381,4248,1237,377999,FALSE,FALSE,16
2005-06,5,44,2005,Overall,0.1,0,5,1,0,0,6,1.58374,1.25489,5005,1280,398840,FALSE,FALSE,25
2005-06,6,45,2005,Overall,0.1,0,1,0,0,0,1,1.47072,1.33661,5038,1272,376924,FALSE,FALSE,36
2005-06,7,46,2005,Overall,0.1,0,3,1,0,0,4,1.6112,1.37864,5276,1277,382697,FALSE,FALSE,49
2005-06,8,47,2005,Overall,0.1,0,4,1,0,0,5,1.82699,1.60829,4802,1301,298578,FALSE,TRUE,64
2005-06,9,48,2005,Overall,0.2,0,6,1,0,1,8,1.77482,1.48311,5966,1325,402264,FALSE,TRUE,81
2005-06,10,49,2005,Overall,0.2,0.1,11,0,0,0,11,1.94451,1.65374,6371,1328,385248,FALSE,FALSE,100
2005-06,11,50,2005,Overall,0.3,0.1,14,0,0,1,15,2.35512,2.00679,7697,1318,383548,FALSE,FALSE,121
2005-06,12,51,2005,Overall,0.5,0.2,35,1,0,3,39,3.10878,2.56857,8577,1287,333921,TRUE,FALSE,144
2005-06,13,52,2005,Overall,0.9,0.4,66,1,0,2,69,3.28238,3.05278,8842,1273,289638,TRUE,FALSE,169
2005-06,15,1,2006,Overall,1.3,0.4,68,0,0,1,69,2.62914,2.42504,8339,1319,343871,FALSE,FALSE,225
2005-06,16,2,2006,Overall,1.6,0.3,55,0,0,3,58,2.2515,2.00195,7882,1339,393716,FALSE,FALSE,256
2005-06,17,3,2006,Overall,2.1,0.4,74,0,0,4,78,2.35858,2.05869,7858,1297,381699,FALSE,FALSE,289
2005-06,18,4,2006,Overall,2.6,0.5,87,1,0,0,88,2.41881,2.21277,9114,1331,411882,FALSE,FALSE,324
2005-06,19,5,2006,Overall,3.3,0.7,120,1,0,5,126,2.52752,2.3222,9551,1320,411291,FALSE,FALSE,361
2005-06,20,6,2006,Overall,4.1,0.8,120,3,0,14,137,2.64954,2.49279,10427,1311,418286,FALSE,FALSE,400
2005-06,21,7,2006,Overall,4.9,0.9,132,2,0,19,153,3.12935,2.79489,11226,1288,401661,FALSE,FALSE,441
2005-06,22,8,2006,Overall,5.8,0.9,142,10,0,9,161,3.12442,2.96911,11901,1288,400827,FALSE,FALSE,484
2005-06,23,9,2006,Overall,6.8,1,153,15,0,5,173,3.13099,2.83959,11343,1275,399459,FALSE,FALSE,529
2005-06,24,10,2006,Overall,7.9,1.1,155,28,0,10,193,3.08261,2.77799,11261,1257,405365,FALSE,FALSE,576
2005-06,25,11,2006,Overall,8.8,0.9,129,25,0,4,158,2.64431,2.47287,9322,1241,376971,FALSE,FALSE,625
2005-06,26,12,2006,Overall,9.5,0.7,102,26,0,3,131,2.42295,2.18061,8064,1217,369804,FALSE,FALSE,676
2005-06,27,13,2006,Overall,10,0.5,65,28,0,0,93,2.31141,2.0168,7313,1165,362605,FALSE,FALSE,729
2005-06,28,14,2006,Overall,10.4,0.4,45,15,0,3,63,1.86383,1.64101,5738,1133,349662,FALSE,FALSE,784
2005-06,29,15,2006,Overall,10.6,0.2,22,16,0,0,38,1.44943,1.35829,4547,1087,334760,FALSE,FALSE,841
2005-06,30,16,2006,Overall,10.8,0.2,22,7,0,1,30,1.30227,1.1428,3550,1045,310641,FALSE,FALSE,900
2005-06,31,17,2006,Overall,10.9,0.1,17,2,0,1,20,1.13459,1.04031,3177,1017,305389,FALSE,FALSE,961
2006-07,1,40,2006,Overall,0,0,1,0,0,0,1,1.15384,1.20322,4513,1323,375076,FALSE,FALSE,1
2006-07,2,41,2006,Overall,0,0,1,0,0,0,1,1.14819,1.05788,4072,1361,384920,FALSE,FALSE,4
2006-07,3,42,2006,Overall,0,0,3,0,0,0,3,1.22736,1.13054,4737,1425,419005,FALSE,FALSE,9
2006-07,4,43,2006,Overall,0,0,1,0,0,0,1,1.21744,1.12552,4888,1445,434287,FALSE,FALSE,16
2006-07,5,44,2006,Overall,0.1,0,4,1,0,0,5,1.32813,1.20808,5380,1473,445334,FALSE,FALSE,25
2006-07,6,45,2006,Overall,0.1,0.1,12,0,0,0,12,1.47754,1.34952,6139,1497,454901,FALSE,FALSE,36
2006-07,7,46,2006,Overall,0.1,0,2,0,0,0,2,1.5339,1.4689,6668,1474,453945,FALSE,FALSE,49
2006-07,8,47,2006,Overall,0.1,0,4,0,0,1,5,1.91269,1.82767,6156,1488,336822,FALSE,TRUE,64
2006-07,9,48,2006,Overall,0.2,0.1,11,1,0,0,12,1.838,1.6656,7530,1486,452089,FALSE,TRUE,81
2006-07,10,49,2006,Overall,0.3,0.1,15,1,0,0,16,1.95376,1.85968,8122,1493,436741,FALSE,FALSE,100
2006-07,11,50,2006,Overall,0.4,0.1,17,3,0,1,21,2.40407,2.38891,10396,1492,435177,FALSE,FALSE,121
2006-07,12,51,2006,Overall,0.6,0.2,39,4,0,0,43,2.87453,2.78978,10192,1435,365334,TRUE,FALSE,144
2006-07,13,52,2006,Overall,0.8,0.2,38,4,0,3,45,3.02597,3.11549,8913,1359,286087,TRUE,FALSE,169
2006-07,15,1,2007,Overall,1,0.2,32,3,0,1,36,2.37817,2.26942,8386,1490,369521,FALSE,FALSE,225
2006-07,16,2,2007,Overall,1.2,0.2,32,1,0,2,35,2.09232,1.86355,7761,1467,416464,FALSE,FALSE,256
2006-07,17,3,2007,Overall,1.4,0.3,50,6,0,0,56,2.29396,1.99986,7909,1470,395477,FALSE,FALSE,289
2006-07,18,4,2007,Overall,1.7,0.3,57,2,0,4,63,2.74501,2.4406,10888,1495,446119,FALSE,FALSE,324
2006-07,19,5,2007,Overall,2.1,0.4,71,5,0,0,76,3.04434,2.83018,12120,1472,428241,FALSE,FALSE,361
2006-07,20,6,2007,Overall,2.6,0.5,87,11,0,9,107,3.49999,3.12343,14197,1484,454533,FALSE,FALSE,400
2006-07,21,7,2007,Overall,3.1,0.5,82,7,0,13,102,3.57851,3.27019,14031,1461,429057,FALSE,FALSE,441
2006-07,22,8,2007,Overall,3.6,0.5,76,19,0,2,97,3.28979,3.17757,14048,1460,442099,FALSE,FALSE,484
2006-07,23,9,2007,Overall,4,0.4,74,15,0,2,91,2.89149,2.72364,11801,1428,433281,FALSE,FALSE,529
2006-07,24,10,2007,Overall,4.4,0.4,66,15,0,4,85,2.62075,2.50201,10715,1408,428255,FALSE,FALSE,576
2006-07,25,11,2007,Overall,4.9,0.4,77,13,0,0,90,2.53387,2.4272,9597,1361,395394,FALSE,FALSE,625
2006-07,26,12,2007,Overall,5.2,0.3,60,8,0,1,69,2.07251,1.96041,7562,1333,385735,FALSE,FALSE,676
2006-07,27,13,2007,Overall,5.5,0.3,57,6,0,0,63,1.87084,1.5914,6148,1303,386327,FALSE,FALSE,729
2006-07,28,14,2007,Overall,5.7,0.2,32,6,0,0,38,1.40042,1.36978,4958,1284,361955,FALSE,FALSE,784
2006-07,29,15,2007,Overall,5.9,0.2,27,5,0,2,34,1.46887,1.36317,4869,1240,357183,FALSE,FALSE,841
2006-07,30,16,2007,Overall,6,0.2,28,9,0,0,37,1.15514,1.1737,4179,1206,356055,FALSE,FALSE,900
2006-07,31,17,2007,Overall,6.2,0.2,24,4,0,3,31,1.07901,1.06358,3695,1152,347413,FALSE,FALSE,961
2007-08,1,40,2007,Overall,0,0,6,0,0,0,6,0.995184,1.07197,5641,1373,526227,FALSE,FALSE,1
2007-08,2,41,2007,Overall,0,0,2,0,0,1,3,1.22003,1.21786,6444,1429,529126,FALSE,FALSE,4
2007-08,3,42,2007,Overall,0.1,0,4,0,0,0,4,1.28548,1.24576,6941,1449,557172,FALSE,FALSE,9
2007-08,4,43,2007,Overall,0.1,0,5,0,0,1,6,1.3775,1.35984,7434,1477,546680,FALSE,FALSE,16
2007-08,5,44,2007,Overall,0.1,0.1,8,2,0,2,12,1.46725,1.44671,7915,1485,547104,FALSE,FALSE,25
2007-08,6,45,2007,Overall,0.2,0,5,1,0,1,7,1.55841,1.53286,8687,1539,566717,FALSE,FALSE,36
2007-08,7,46,2007,Overall,0.2,0.1,10,1,0,1,12,1.61958,1.66653,9104,1516,546284,FALSE,FALSE,49
2007-08,8,47,2007,Overall,0.3,0.1,17,1,0,3,21,1.8112,1.97488,8570,1523,433951,FALSE,TRUE,64
2007-08,9,48,2007,Overall,0.4,0.1,18,2,0,0,20,1.61865,1.67305,9171,1513,548159,FALSE,TRUE,81
2007-08,10,49,2007,Overall,0.5,0.1,18,3,0,1,22,1.62124,1.63405,8436,1487,516263,FALSE,FALSE,100
2007-08,11,50,2007,Overall,0.6,0.1,24,2,0,0,26,1.67351,1.74595,8091,1453,463416,FALSE,FALSE,121
2007-08,12,51,2007,Overall,0.9,0.2,40,4,0,3,47,1.95096,1.93643,8750,1420,451862,TRUE,FALSE,144
2007-08,13,52,2007,Overall,1.2,0.3,50,8,0,7,65,2.50019,2.48905,8902,1426,357646,TRUE,FALSE,169
2007-08,15,1,2008,Overall,1.4,0.3,38,9,0,8,55,2.43939,2.25405,9706,1486,430603,FALSE,FALSE,225
2007-08,16,2,2008,Overall,1.7,0.3,52,10,0,1,63,2.29319,2.09147,11115,1509,531444,FALSE,FALSE,256
2007-08,17,3,2008,Overall,2.1,0.4,57,19,0,4,80,2.62907,2.35934,12197,1511,516966,FALSE,FALSE,289
2007-08,18,4,2008,Overall,2.7,0.6,100,29,0,3,132,3.92966,3.32331,17171,1508,516683,FALSE,FALSE,324
2007-08,19,5,2008,Overall,3.8,1.1,185,44,0,9,238,4.99202,4.43381,24812,1514,559609,FALSE,FALSE,361
2007-08,20,6,2008,Overall,5.6,1.8,266,96,0,18,380,5.7776,5.34547,31896,1526,596692,FALSE,FALSE,400
2007-08,21,7,2008,Overall,7.5,1.9,282,114,0,14,410,5.98318,5.42258,31625,1518,583210,FALSE,FALSE,441
2007-08,22,8,2008,Overall,9.8,2.3,322,139,0,25,486,5.61677,5.30303,30245,1497,570334,FALSE,FALSE,484
2007-08,23,9,2008,Overall,11.8,2.1,275,153,0,16,444,4.53234,4.24456,25027,1453,589626,FALSE,FALSE,529
2007-08,24,10,2008,Overall,13.6,1.8,245,121,0,16,382,3.83249,3.628,20254,1445,558269,FALSE,FALSE,576
2007-08,25,11,2008,Overall,15.2,1.6,210,117,0,12,339,3.21522,3.03463,16714,1412,550776,FALSE,FALSE,625
2007-08,26,12,2008,Overall,16.3,1.1,128,102,0,13,243,2.69245,2.53595,13040,1395,514205,FALSE,FALSE,676
2007-08,27,13,2008,Overall,17,0.7,76,69,0,5,150,2.03366,2.0573,10376,1379,504350,FALSE,FALSE,729
2007-08,28,14,2008,Overall,17.6,0.6,61,65,0,3,129,1.65275,1.7415,8583,1327,492850,FALSE,FALSE,784
2007-08,29,15,2008,Overall,18,0.3,27,39,0,1,67,1.3113,1.40652,7045,1318,500881,FALSE,FALSE,841
2007-08,30,16,2008,Overall,18.2,0.3,21,32,0,1,54,1.1652,1.26861,6079,1288,479187,FALSE,FALSE,900
2007-08,31,17,2008,Overall,18.3,0.1,9,13,0,0,22,1.02035,1.07719,4953,1208,459808,FALSE,FALSE,961
2008-09,1,40,2008,Overall,0,0,3,0,0,0,3,1.06828,1.02284,5687,1435,555999,FALSE,FALSE,1
2008-09,2,41,2008,Overall,0.1,0.1,11,0,0,0,11,1.00756,1.03017,5959,1500,578446,FALSE,FALSE,4
2008-09,3,42,2008,Overall,0.1,0,3,0,0,1,4,0.979399,1.01245,5896,1525,582351,FALSE,FALSE,9
2008-09,4,43,2008,Overall,0.1,0.1,10,0,1,0,11,1.04943,1.08359,6485,1527,598473,FALSE,FALSE,16
2008-09,5,44,2008,Overall,0.2,0,9,0,0,0,9,1.13218,1.16578,6987,1545,599343,FALSE,FALSE,25
2008-09,6,45,2008,Overall,0.2,0.1,11,0,0,1,12,1.13156,1.1913,7297,1555,612526,FALSE,FALSE,36
2008-09,7,46,2008,Overall,0.3,0.1,8,1,1,2,12,1.15469,1.28075,7667,1555,598635,FALSE,FALSE,49
2008-09,8,47,2008,Overall,0.3,0.1,12,2,0,0,14,1.20448,1.27053,7733,1563,608646,FALSE,TRUE,64
2008-09,9,48,2008,Overall,0.4,0.1,8,2,0,1,11,1.36081,1.59578,7634,1523,478386,FALSE,TRUE,81
2008-09,10,49,2008,Overall,0.5,0.1,15,4,0,3,22,1.30322,1.4585,8708,1551,597052,FALSE,FALSE,100
2008-09,11,50,2008,Overall,0.6,0.1,17,0,0,1,18,1.30204,1.49921,8689,1543,579573,FALSE,FALSE,121
2008-09,12,51,2008,Overall,0.7,0.1,16,0,0,0,16,1.45109,1.62982,7812,1416,479318,TRUE,FALSE,144
2008-09,13,52,2008,Overall,0.8,0.2,29,5,0,2,36,1.79927,2.15561,8706,1484,403876,TRUE,FALSE,169
2008-09,14,53,2008,Overall,0.9,0.1,22,2,0,1,25,2.12134,2.02053,8603,1490,425780,FALSE,FALSE,196
2008-09,15,1,2009,Overall,1.1,0.1,25,4,0,1,30,1.47138,1.54566,8956,1539,579428,FALSE,FALSE,225
2008-09,16,2,2009,Overall,1.3,0.2,49,4,0,1,54,1.61555,1.64224,9289,1512,565631,FALSE,FALSE,256
2008-09,17,3,2009,Overall,1.6,0.3,48,9,0,1,58,1.95333,1.96524,11456,1566,582932,FALSE,FALSE,289
2008-09,18,4,2009,Overall,2,0.4,80,8,1,4,93,2.42907,2.34368,14324,1554,611176,FALSE,FALSE,324
2008-09,19,5,2009,Overall,2.5,0.5,90,14,0,4,108,2.96686,2.86057,18268,1580,638613,FALSE,FALSE,361
2008-09,20,6,2009,Overall,3.2,0.7,120,25,1,8,154,3.57354,3.3421,21667,1569,648304,FALSE,FALSE,400
2008-09,21,7,2009,Overall,4,0.8,148,31,0,6,185,3.36653,3.20566,20022,1543,624583,FALSE,FALSE,441
2008-09,22,8,2009,Overall,4.9,0.8,116,54,1,10,181,3.2962,3.10049,20450,1544,659573,FALSE,FALSE,484
2008-09,23,9,2009,Overall,5.6,0.7,106,45,0,4,155,3.17227,2.95819,18441,1534,623389,FALSE,FALSE,529
2008-09,24,10,2009,Overall,6.3,0.7,95,52,0,9,156,2.5804,2.46381,15711,1524,637672,FALSE,FALSE,576
2008-09,25,11,2009,Overall,6.8,0.5,69,33,0,9,111,2.42922,2.19272,13277,1494,605503,FALSE,FALSE,625
2008-09,26,12,2009,Overall,7.2,0.4,53,40,0,2,95,1.99028,1.87395,11400,1470,608342,FALSE,FALSE,676
2008-09,27,13,2009,Overall,7.5,0.3,32,23,0,2,57,1.72423,1.64817,9669,1440,586651,FALSE,FALSE,729
2008-09,28,14,2009,Overall,7.7,0.2,21,20,0,1,42,1.60355,1.49878,8460,1422,564460,FALSE,FALSE,784
2008-09,29,15,2009,Overall,7.8,0.1,10,4,0,1,15,1.28418,1.29233,7222,1415,558837,FALSE,FALSE,841
2009-10,1,40,2009,Overall,7.4,2.7,707,0,5,7,719,6.06923,5.66087,48420,2056,855346,FALSE,FALSE,1
2009-10,2,41,2009,Overall,10.8,3.4,952,2,7,6,967,7.09467,6.81522,58196,2134,853912,FALSE,FALSE,4
2009-10,3,42,2009,Overall,14.5,3.8,1022,4,2,4,1032,7.7151,7.61889,69068,2162,906536,FALSE,FALSE,9
2009-10,4,43,2009,Overall,17.9,3.4,887,2,3,1,893,7.55134,7.38836,66411,2167,898860,FALSE,FALSE,16
2009-10,5,44,2009,Overall,20.8,2.9,675,5,2,4,686,6.67118,6.33927,57017,2197,899425,FALSE,FALSE,25
2009-10,6,45,2009,Overall,22.7,1.9,453,2,1,4,460,5.20633,4.94349,42729,2191,864348,FALSE,FALSE,36
2009-10,7,46,2009,Overall,24.1,1.4,324,0,2,2,328,4.04477,3.80996,32520,2157,853552,FALSE,FALSE,49
2009-10,8,47,2009,Overall,24.9,0.8,186,2,4,1,193,3.49722,3.44106,22508,2146,654101,FALSE,TRUE,64
2009-10,9,48,2009,Overall,25.5,0.5,122,0,2,1,125,2.69023,2.66773,21730,2122,814550,FALSE,TRUE,81
2009-10,10,49,2009,Overall,25.8,0.4,86,1,3,2,92,2.47119,2.47183,19325,2093,781811,FALSE,FALSE,100
2009-10,11,50,2009,Overall,26.1,0.3,70,0,2,0,72,2.44773,2.345,17081,2014,728401,FALSE,FALSE,121
2009-10,12,51,2009,Overall,26.4,0.3,66,1,1,0,68,2.64594,2.71435,14575,1934,536961,TRUE,FALSE,144
2009-10,13,52,2009,Overall,26.8,0.3,75,2,0,0,77,2.61567,2.67667,15613,1937,583299,TRUE,FALSE,169
2009-10,15,1,2010,Overall,27,0.2,56,1,1,0,58,1.90712,1.98284,14299,1996,721138,FALSE,FALSE,225
2009-10,16,2,2010,Overall,27.2,0.2,53,2,0,1,56,1.86738,1.82749,14088,2016,770895,FALSE,FALSE,256
2009-10,17,3,2010,Overall,27.5,0.2,56,0,1,0,57,1.88072,1.92606,14757,2053,766177,FALSE,FALSE,289
2009-10,18,4,2010,Overall,27.6,0.2,37,0,2,0,39,1.96908,1.92495,15122,2026,785580,FALSE,FALSE,324
2009-10,19,5,2010,Overall,27.9,0.2,48,3,3,0,54,2.11387,2.08877,16037,1996,767773,FALSE,FALSE,361
2009-10,20,6,2010,Overall,28,0.2,33,4,2,1,40,2.09695,2.03434,15381,1977,756068,FALSE,FALSE,400
2009-10,21,7,2010,Overall,28.3,0.2,48,1,2,0,51,1.90294,1.97649,15065,1954,762208,FALSE,FALSE,441
2009-10,22,8,2010,Overall,28.4,0.2,37,3,1,0,41,1.96951,1.99362,16087,1990,806925,FALSE,FALSE,484
2009-10,23,9,2010,Overall,28.6,0.2,39,2,1,1,43,1.92331,1.85383,14486,1953,781411,FALSE,FALSE,529
2009-10,24,10,2010,Overall,28.8,0.2,38,2,2,0,42,1.89659,1.8673,14354,1946,768702,FALSE,FALSE,576
2009-10,25,11,2010,Overall,28.9,0.2,37,1,0,0,38,1.75181,1.69987,12601,1933,741293,FALSE,FALSE,625
2009-10,26,12,2010,Overall,29,0.1,25,0,1,1,27,1.52632,1.49741,11191,1917,747358,FALSE,FALSE,676
2009-10,27,13,2010,Overall,29.1,0.1,16,2,1,0,19,1.49572,1.45112,10359,1875,713863,FALSE,FALSE,729
2009-10,28,14,2010,Overall,29.2,0.1,17,0,0,0,17,1.22313,1.20715,8813,1850,730068,FALSE,FALSE,784
2009-10,29,15,2010,Overall,29.3,0.1,17,1,0,0,18,1.17754,1.17415,8801,1831,749563,FALSE,FALSE,841
2009-10,30,16,2010,Overall,29.3,0,9,0,1,0,10,1.09112,1.16207,8362,1765,719580,FALSE,FALSE,900
2009-10,31,17,2010,Overall,29.3,0,7,0,0,0,7,1.11958,1.17213,8440,1755,720054,FALSE,FALSE,961
2010-11,1,40,2010,Overall,0.1,0.1,9,1,1,0,11,1.10939,1.13505,8473,1838,746485,FALSE,FALSE,1
2010-11,2,41,2010,Overall,0.1,0,12,2,1,0,15,1.24341,1.25256,9347,1875,746230,FALSE,FALSE,4
2010-11,3,42,2010,Overall,0.1,0.1,12,3,1,1,17,1.25726,1.2457,9684,1907,777397,FALSE,FALSE,9
2010-11,4,43,2010,Overall,0.2,0.1,18,5,0,0,23,1.25734,1.26774,9904,1929,781234,FALSE,FALSE,16
2010-11,5,44,2010,Overall,0.3,0.1,18,6,0,0,24,1.43414,1.43723,11020,1947,766753,FALSE,FALSE,25
2010-11,6,45,2010,Overall,0.4,0.1,9,8,0,0,17,1.51838,1.53341,11807,1940,769982,FALSE,FALSE,36
2010-11,7,46,2010,Overall,0.5,0.1,20,14,1,1,36,1.61617,1.69445,13336,1921,787038,FALSE,FALSE,49
2010-11,8,47,2010,Overall,0.6,0.1,21,16,2,1,40,1.84378,1.9915,12079,1938,606527,FALSE,TRUE,64
2010-11,9,48,2010,Overall,0.8,0.2,38,26,0,0,64,1.72535,1.81305,13997,1964,772016,FALSE,TRUE,81
2010-11,10,49,2010,Overall,1.1,0.3,54,34,2,0,90,1.87923,2.01426,14958,1936,742606,FALSE,FALSE,100
2010-11,11,50,2010,Overall,1.4,0.3,77,30,0,0,107,2.3371,2.55659,18022,1916,704923,FALSE,FALSE,121
2010-11,12,51,2010,Overall,1.9,0.5,138,33,1,0,172,3.03533,3.38185,19899,1840,588406,TRUE,FALSE,144
2010-11,13,52,2010,Overall,2.6,0.7,209,37,1,2,249,3.136,3.43172,20346,1887,592880,TRUE,FALSE,169
2010-11,15,1,2011,Overall,3.3,0.7,197,45,4,6,252,2.53336,2.69151,20026,1923,744043,FALSE,FALSE,225
2010-11,16,2,2011,Overall,4,0.7,246,30,6,0,282,2.91288,2.91063,20721,1921,711908,FALSE,FALSE,256
2010-11,17,3,2011,Overall,5,0.9,321,38,0,1,360,3.44497,3.49232,26257,1964,751850,FALSE,FALSE,289
2010-11,18,4,2011,Overall,6.1,1.2,382,40,3,2,427,4.16185,4.0037,31975,1947,798637,FALSE,FALSE,324
2010-11,19,5,2011,Overall,7.8,1.6,457,63,2,4,526,4.55159,4.43534,34284,1970,772974,FALSE,FALSE,361
2010-11,20,6,2011,Overall,9.2,1.5,398,63,2,3,466,4.46504,4.24215,34456,1961,812230,FALSE,FALSE,400
2010-11,21,7,2011,Overall,11.2,2,520,62,3,7,592,4.55124,4.39719,36567,1910,831600,FALSE,FALSE,441
2010-11,22,8,2011,Overall,13.3,2.1,522,87,2,8,619,4.0822,3.90256,31277,1908,801449,FALSE,FALSE,484
2010-11,23,9,2011,Overall,15.2,1.9,454,73,1,2,530,3.38812,3.15073,24627,1860,781629,FALSE,FALSE,529
2010-11,24,10,2011,Overall,16.7,1.4,338,74,0,2,414,2.99142,2.72422,20377,1829,747993,FALSE,FALSE,576
2010-11,25,11,2011,Overall,17.8,1.2,265,67,2,4,338,2.61542,2.33336,17309,1823,741807,FALSE,FALSE,625
2010-11,26,12,2011,Overall,18.6,0.8,173,38,0,3,214,2.09065,1.925,14031,1790,728883,FALSE,FALSE,676
2010-11,27,13,2011,Overall,19.1,0.5,101,45,0,1,147,1.86146,1.75243,12957,1770,739375,FALSE,FALSE,729
2010-11,28,14,2011,Overall,19.5,0.4,70,37,1,0,108,1.61377,1.57704,11498,1723,729089,FALSE,FALSE,784
2010-11,29,15,2011,Overall,19.8,0.3,58,24,0,0,82,1.42199,1.35766,9391,1681,691707,FALSE,FALSE,841
2010-11,30,16,2011,Overall,20,0.2,26,24,0,0,50,1.3382,1.31223,8695,1651,662612,FALSE,FALSE,900
2010-11,31,17,2011,Overall,20.1,0.1,21,12,0,0,33,1.19995,1.14937,7830,1612,681240,FALSE,FALSE,961
2011-12,1,40,2011,Overall,0,0,5,3,0,0,8,1.16092,1.20345,9365,1850,778182,FALSE,FALSE,1
2011-12,2,41,2011,Overall,0.1,0,2,1,1,1,5,1.19785,1.23777,9803,1883,791987,FALSE,FALSE,4
2011-12,3,42,2011,Overall,0.1,0,6,2,0,0,8,1.27926,1.25259,9958,1905,794995,FALSE,FALSE,9
2011-12,4,43,2011,Overall,0.1,0,2,0,0,0,2,1.29194,1.30546,10298,1900,788840,FALSE,FALSE,16
2011-12,5,44,2011,Overall,0.1,0,2,3,0,1,6,1.42824,1.45295,11396,1925,784334,FALSE,FALSE,25
2011-12,6,45,2011,Overall,0.1,0,1,0,0,1,2,1.39803,1.44089,11496,1946,797839,FALSE,FALSE,36
2011-12,7,46,2011,Overall,0.1,0,4,0,0,0,4,1.45831,1.46221,11721,1900,801594,FALSE,FALSE,49
2011-12,8,47,2011,Overall,0.2,0,7,2,0,0,9,1.56548,1.65573,10377,1918,626731,FALSE,TRUE,64
2011-12,9,48,2011,Overall,0.2,0,7,2,0,0,9,1.34313,1.46606,11479,1904,782984,FALSE,TRUE,81
2011-12,10,49,2011,Overall,0.2,0,3,4,0,1,8,1.48139,1.51811,11187,1898,736905,FALSE,FALSE,100
2011-12,11,50,2011,Overall,0.3,0.1,11,5,0,0,16,1.63398,1.66429,12137,1872,729258,FALSE,FALSE,121
2011-12,12,51,2011,Overall,0.3,0.1,11,2,0,1,14,1.83126,1.85274,11958,1851,645424,TRUE,FALSE,144
2011-12,13,52,2011,Overall,0.4,0.1,23,3,0,0,26,2.10451,2.12413,12356,1821,581697,TRUE,FALSE,169
2011-12,15,1,2012,Overall,0.5,0.1,17,6,0,1,24,1.73625,1.76709,11992,1891,678631,FALSE,FALSE,225
2011-12,16,2,2012,Overall,0.6,0.1,21,1,0,0,22,1.55066,1.5434,11543,1883,747894,FALSE,FALSE,256
2011-12,17,3,2012,Overall,0.7,0.1,20,3,0,0,23,1.62891,1.64762,11939,1887,724623,FALSE,FALSE,289
2011-12,18,4,2012,Overall,0.8,0.1,28,1,0,0,29,1.76038,1.6843,13209,1891,784244,FALSE,FALSE,324
2011-12,19,5,2012,Overall,1,0.2,53,5,0,0,58,1.92728,1.86354,14448,1885,775298,FALSE,FALSE,361
2011-12,20,6,2012,Overall,1.2,0.2,53,5,0,0,58,1.91994,1.86408,14624,1875,784516,FALSE,FALSE,400
2011-12,21,7,2012,Overall,1.5,0.3,84,6,0,1,91,2.09951,2.01839,15929,1884,789193,FALSE,FALSE,441
2011-12,22,8,2012,Overall,2,0.4,106,4,0,0,110,2.23973,2.10385,16137,1853,767022,FALSE,FALSE,484
2011-12,23,9,2012,Overall,2.6,0.6,152,15,1,0,168,2.21921,2.09555,16518,1826,788242,FALSE,FALSE,529
2011-12,24,10,2012,Overall,3.4,0.8,210,7,1,0,218,2.16693,2.10398,15763,1816,749198,FALSE,FALSE,576
2011-12,25,11,2012,Overall,4.4,1.1,282,15,0,0,297,2.38913,2.2941,17150,1819,747570,FALSE,FALSE,625
2011-12,26,12,2012,Overall,5.4,1,268,25,1,0,294,1.96466,1.92223,14524,1780,755579,FALSE,FALSE,676
2011-12,27,13,2012,Overall,6.2,0.8,189,36,2,1,228,1.84229,1.74239,13017,1753,747079,FALSE,FALSE,729
2011-12,28,14,2012,Overall,6.9,0.7,162,33,0,0,195,1.68674,1.67601,11930,1729,711808,FALSE,FALSE,784
2011-12,29,15,2012,Overall,7.6,0.7,160,38,0,1,199,1.53136,1.49637,10732,1707,717202,FALSE,FALSE,841
2011-12,30,16,2012,Overall,8.2,0.5,126,40,1,0,167,1.37912,1.38202,10123,1699,732480,FALSE,FALSE,900
2011-12,31,17,2012,Overall,8.6,0.4,80,20,0,0,100,1.29515,1.28926,9370,1675,726772,FALSE,FALSE,961
2012-13,1,40,2012,Overall,0,0,5,4,0,2,11,1.23034,1.20559,9395,1932,779285,FALSE,FALSE,1
2012-13,2,41,2012,Overall,0.1,0,4,2,0,0,6,1.3278,1.31929,10158,1940,769959,FALSE,FALSE,4
2012-13,3,42,2012,Overall,0.1,0.1,12,2,0,1,15,1.33995,1.32737,10585,1968,797444,FALSE,FALSE,9
2012-13,4,43,2012,Overall,0.1,0,10,0,0,0,10,1.37842,1.36688,10913,1958,798388,FALSE,FALSE,16
2012-13,5,44,2012,Overall,0.2,0.1,15,9,0,1,25,1.50085,1.50535,11061,1929,734781,FALSE,FALSE,25
2012-13,6,45,2012,Overall,0.4,0.2,36,16,1,1,54,1.65163,1.61273,12674,1974,785871,FALSE,FALSE,36
2012-13,7,46,2012,Overall,0.6,0.2,52,24,0,0,76,1.76746,1.75208,13623,1966,777534,FALSE,FALSE,49
2012-13,8,47,2012,Overall,1,0.4,115,18,0,0,133,2.30609,2.33365,14650,1968,627772,FALSE,TRUE,64
2012-13,9,48,2012,Overall,1.6,0.6,182,39,0,1,222,2.16324,2.2268,18521,2006,831730,FALSE,TRUE,81
2012-13,10,49,2012,Overall,2.6,1.1,324,71,0,0,395,2.83038,2.97657,24877,2006,835762,FALSE,FALSE,100
2012-13,11,50,2012,Overall,4.2,1.6,476,67,2,1,546,3.43761,3.62552,29432,1977,811800,FALSE,FALSE,121
2012-13,12,51,2012,Overall,7.2,2.9,774,104,1,5,884,4.30554,4.5532,34332,1908,754019,TRUE,FALSE,144
2012-13,13,52,2012,Overall,11.9,4.7,1315,102,0,0,1417,6.06082,6.02598,36588,1905,607171,TRUE,FALSE,169
2012-13,15,1,2013,Overall,17.2,5.3,1371,146,2,6,1525,4.64931,4.96368,34103,1982,687051,FALSE,FALSE,225
2012-13,16,2,2013,Overall,22.1,4.9,1251,134,1,5,1391,4.32584,4.69072,39896,1995,850531,FALSE,FALSE,256
2012-13,17,3,2013,Overall,26,3.9,917,135,6,4,1062,4.51113,4.70473,39441,2008,838326,FALSE,FALSE,289
2012-13,18,4,2013,Overall,29.3,3.3,758,115,1,2,876,4.2171,4.1646,32426,1978,778610,FALSE,FALSE,324
2012-13,19,5,2013,Overall,32,2.6,576,141,1,6,724,3.78956,3.69533,29808,1963,806640,FALSE,FALSE,361
2012-13,20,6,2013,Overall,34,2,423,120,3,6,552,3.29206,3.2363,24987,1931,772086,FALSE,FALSE,400
2012-13,21,7,2013,Overall,35.9,1.9,338,146,3,3,490,3.0197,2.89421,22321,1926,771229,FALSE,FALSE,441
2012-13,22,8,2013,Overall,37.3,1.4,231,144,1,0,376,2.71499,2.71742,20519,1940,755092,FALSE,FALSE,484
2012-13,23,9,2013,Overall,38.5,1.2,201,137,0,0,338,2.4845,2.52297,19231,1893,762238,FALSE,FALSE,529
2012-13,24,10,2013,Overall,39.6,1,140,143,0,0,283,2.57808,2.55227,18829,1884,737736,FALSE,FALSE,576
2012-13,25,11,2013,Overall,40.5,0.9,102,159,0,1,262,2.39237,2.43225,17392,1846,715059,FALSE,FALSE,625
2012-13,26,12,2013,Overall,41.2,0.7,76,129,0,1,206,2.06778,2.10851,15254,1825,723449,FALSE,FALSE,676
2012-13,27,13,2013,Overall,41.8,0.5,42,121,1,0,164,1.90281,1.94725,13714,1811,704276,FALSE,FALSE,729
2012-13,28,14,2013,Overall,42.3,0.6,40,125,1,0,166,1.65902,1.74859,12273,1769,701881,FALSE,FALSE,784
2012-13,29,15,2013,Overall,42.7,0.3,26,80,2,0,108,1.43006,1.49713,10818,1742,722583,FALSE,FALSE,841
2012-13,30,16,2013,Overall,42.9,0.2,19,35,1,0,55,1.27757,1.32313,9188,1732,694415,FALSE,FALSE,900
2012-13,31,17,2013,Overall,43,0.2,14,23,1,1,39,1.19009,1.22647,8589,1711,700300,FALSE,FALSE,961
2013-14,1,40,2013,Overall,0,0,6,3,0,0,9,1.15746,1.13249,9677,1960,854487,FALSE,FALSE,1
2013-14,2,41,2013,Overall,0.1,0.1,16,4,0,1,21,1.27184,1.21121,10420,1990,860298,FALSE,FALSE,4
2013-14,3,42,2013,Overall,0.2,0.1,13,6,0,0,19,1.31623,1.25682,10658,2018,848016,FALSE,FALSE,9
2013-14,4,43,2013,Overall,0.2,0.1,17,4,0,0,21,1.37444,1.37097,12036,2027,877917,FALSE,FALSE,16
2013-14,5,44,2013,Overall,0.3,0.1,25,6,2,0,33,1.46781,1.42956,12502,2028,874537,FALSE,FALSE,25
2013-14,6,45,2013,Overall,0.5,0.1,28,9,0,1,38,1.5834,1.53588,13498,2017,878845,FALSE,FALSE,36
2013-14,7,46,2013,Overall,0.7,0.2,55,5,0,1,61,1.60253,1.60267,13927,2054,868987,FALSE,FALSE,49
2013-14,8,47,2013,Overall,1.1,0.4,95,4,0,0,99,1.72344,1.73267,15168,2012,875411,FALSE,TRUE,64
2013-14,9,48,2013,Overall,1.6,0.6,152,5,1,1,159,2.11076,2.09858,13975,2042,665926,FALSE,TRUE,81
2013-14,10,49,2013,Overall,2.7,1,257,13,1,0,271,2.1708,2.21374,18920,2055,854664,FALSE,FALSE,100
2013-14,11,50,2013,Overall,3.7,1.1,289,11,1,1,302,2.36971,2.41674,19398,2054,802651,FALSE,FALSE,121
2013-14,12,51,2013,Overall,5.8,2,528,15,1,1,545,3.15997,3.03071,24697,2009,814891,TRUE,FALSE,144
2013-14,13,52,2013,Overall,9,3.2,830,20,3,2,855,4.59053,4.38724,26988,2007,615148,TRUE,FALSE,169
2013-14,15,1,2014,Overall,12.9,3.9,1055,15,0,3,1073,4.28195,4.2112,28654,2033,680424,FALSE,FALSE,225
2013-14,16,2,2014,Overall,16.8,3.9,1003,25,2,3,1033,3.56288,3.46492,28147,2059,812343,FALSE,FALSE,256
2013-14,17,3,2014,Overall,19.9,3.1,818,26,2,7,853,3.36378,3.31698,28370,2049,855297,FALSE,FALSE,289
2013-14,18,4,2014,Overall,22.4,2.4,617,43,3,8,671,3.39659,3.2407,25502,2062,786928,FALSE,FALSE,324
2013-14,19,5,2014,Overall,24.4,2.1,540,31,1,2,574,3.11922,2.88598,23484,2051,813726,FALSE,FALSE,361
2013-14,20,6,2014,Overall,26.2,1.8,452,31,0,4,487,2.83572,2.62172,21085,2051,804244,FALSE,FALSE,400
2013-14,21,7,2014,Overall,27.5,1.3,318,30,3,2,353,2.48484,2.34067,18195,2018,777340,FALSE,FALSE,441
2013-14,22,8,2014,Overall,28.5,1,241,34,4,0,279,2.2741,2.12059,17234,2025,812700,FALSE,FALSE,484
2013-14,23,9,2014,Overall,29.4,0.8,198,44,3,2,247,2.07244,1.91094,15914,1978,832786,FALSE,FALSE,529
2013-14,24,10,2014,Overall,30,0.7,143,39,2,1,185,1.98207,1.9023,15044,1944,790831,FALSE,FALSE,576
2013-14,25,11,2014,Overall,30.7,0.7,131,51,2,1,185,1.82441,1.76619,14024,1904,794024,FALSE,FALSE,625
2013-14,26,12,2014,Overall,31.4,0.7,125,65,2,2,194,1.82036,1.85791,14926,1922,803374,FALSE,FALSE,676
2013-14,27,13,2014,Overall,32.1,0.7,120,67,0,0,187,1.75391,1.82094,14661,1887,805133,FALSE,FALSE,729
2013-14,28,14,2014,Overall,32.8,0.7,126,84,0,1,211,1.74542,1.83453,14637,1866,797863,FALSE,FALSE,784
2013-14,29,15,2014,Overall,33.7,0.8,126,101,1,1,229,1.67236,1.75446,14206,1845,809707,FALSE,FALSE,841
2013-14,30,16,2014,Overall,34.4,0.7,70,117,1,0,188,1.51659,1.51636,11723,1810,773101,FALSE,FALSE,900
2013-14,31,17,2014,Overall,35.2,0.8,68,91,0,1,160,1.44778,1.40334,10814,1771,770592,FALSE,FALSE,961
2014-15,1,40,2014,Overall,0.1,0.1,15,4,0,0,19,1.16191,1.20612,10150,1937,841540,FALSE,FALSE,1
2014-15,2,41,2014,Overall,0.2,0.1,28,5,0,1,34,1.30905,1.32485,10977,1960,828544,FALSE,FALSE,4
2014-15,3,42,2014,Overall,0.3,0.1,37,10,2,0,49,1.37072,1.41192,11941,2000,845727,FALSE,FALSE,9
2014-15,4,43,2014,Overall,0.4,0.1,19,7,0,0,26,1.43373,1.42547,12292,2008,862314,FALSE,FALSE,16
2014-15,5,44,2014,Overall,0.5,0.1,25,3,1,0,29,1.42791,1.43909,12313,2053,855608,FALSE,FALSE,25
2014-15,6,45,2014,Overall,0.7,0.2,42,6,1,1,50,1.61605,1.61532,13853,2058,857601,FALSE,FALSE,36
2014-15,7,46,2014,Overall,1,0.2,62,5,1,0,68,1.65976,1.66473,14062,1997,844700,FALSE,FALSE,49
2014-15,8,47,2014,Overall,1.4,0.5,121,8,2,0,131,2.05459,2.0058,16674,2058,831289,FALSE,TRUE,64
2014-15,9,48,2014,Overall,2.6,1.2,327,10,0,0,337,2.53541,2.62227,17602,2067,671251,FALSE,TRUE,81
2014-15,10,49,2014,Overall,4.9,2.3,618,19,3,1,641,2.54253,2.60749,22905,2097,878430,FALSE,FALSE,100
2014-15,11,50,2014,Overall,8.5,3.6,977,21,4,2,1004,3.60563,3.4178,29172,2069,853532,FALSE,FALSE,121
2014-15,12,51,2014,Overall,14.5,6,1635,24,7,0,1666,4.90976,4.46555,37382,2016,837119,TRUE,FALSE,144
2014-15,13,52,2014,Overall,23.5,9,2447,37,13,3,2500,5.98221,6.11497,40533,1984,662849,TRUE,FALSE,169
2014-15,14,53,2014,Overall,31.6,8.1,2264,58,13,4,2339,5.47421,5.30979,36891,1983,694773,FALSE,FALSE,196
2014-15,15,1,2015,Overall,37.7,6.1,1622,56,13,6,1697,4.21374,4.07898,31483,1958,771835,FALSE,FALSE,225
2014-15,16,2,2015,Overall,42,4.3,1110,47,4,0,1161,4.21022,3.93762,31204,1971,792459,FALSE,FALSE,256
2014-15,17,3,2015,Overall,45.3,3.3,789,70,5,3,867,4.25968,4.15076,33221,1966,800359,FALSE,FALSE,289
2014-15,18,4,2015,Overall,48.2,3,685,62,4,2,753,3.97761,3.87899,30621,1955,789407,FALSE,FALSE,324
2014-15,19,5,2015,Overall,50.9,2.7,599,86,4,1,690,3.63443,3.45794,28151,1950,814097,FALSE,FALSE,361
2014-15,20,6,2015,Overall,53.1,2.2,451,106,1,3,561,3.26527,3.06359,25218,1917,823153,FALSE,FALSE,400
2014-15,21,7,2015,Overall,54.7,1.6,319,117,3,0,439,2.93083,2.82646,21109,1907,746836,FALSE,FALSE,441
2014-15,22,8,2015,Overall,56.2,1.5,240,155,4,1,400,2.54474,2.3599,19178,1934,812660,FALSE,FALSE,484
2014-15,23,9,2015,Overall,57.5,1.3,205,145,6,4,360,2.47227,2.33472,18441,1912,789858,FALSE,FALSE,529
2014-15,24,10,2015,Overall,58.7,1.2,131,208,3,1,343,2.35665,2.21286,17833,1907,805881,FALSE,FALSE,576
2014-15,25,11,2015,Overall,59.9,1.1,117,201,3,1,322,2.17008,2.07619,16695,1883,804117,FALSE,FALSE,625
2014-15,26,12,2015,Overall,60.9,1,98,197,2,0,297,2.04297,2.01267,16122,1848,801027,FALSE,FALSE,676
2014-15,27,13,2015,Overall,61.9,1,67,207,1,1,276,1.954,1.94192,14975,1819,771143,FALSE,FALSE,729
2014-15,28,14,2015,Overall,62.9,1,46,232,2,0,280,1.72287,1.74809,13733,1820,785602,FALSE,FALSE,784
2014-15,29,15,2015,Overall,63.6,0.7,30,171,1,1,203,1.53694,1.50367,12044,1813,800974,FALSE,FALSE,841
2014-15,30,16,2015,Overall,64,0.4,22,101,2,0,125,1.38283,1.43494,10860,1768,756827,FALSE,FALSE,900
2014-15,31,17,2015,Overall,64.2,0.2,9,67,0,0,76,1.46265,1.45673,11095,1753,761638,FALSE,FALSE,961
2015-16,1,40,2015,Overall,0.1,0.1,11,4,0,0,15,1.22559,1.24325,10049,1963,808287,FALSE,FALSE,1
2015-16,2,41,2015,Overall,0.2,0.1,18,7,1,0,26,1.31066,1.3234,10715,1976,809660,FALSE,FALSE,4
2015-16,3,42,2015,Overall,0.2,0.1,10,3,2,1,16,1.3711,1.40399,11584,1995,825079,FALSE,FALSE,9
2015-16,4,43,2015,Overall,0.3,0.1,7,9,1,0,17,1.39171,1.37629,11164,1999,811165,FALSE,FALSE,16
2015-16,5,44,2015,Overall,0.4,0.1,11,11,2,0,24,1.43712,1.46866,12423,2048,845875,FALSE,FALSE,25
2015-16,6,45,2015,Overall,0.4,0,10,6,0,0,16,1.50165,1.533,12676,2028,826877,FALSE,FALSE,36
2015-16,7,46,2015,Overall,0.5,0.1,15,4,5,1,25,1.59805,1.60841,13484,2023,838344,FALSE,FALSE,49
2015-16,8,47,2015,Overall,0.6,0.1,17,4,2,2,25,1.89668,1.90047,12158,2000,639738,FALSE,TRUE,64
2015-16,9,48,2015,Overall,0.7,0.1,13,10,1,0,24,1.67728,1.73645,14617,2040,841777,FALSE,TRUE,81
2015-16,10,49,2015,Overall,0.9,0.1,22,12,1,0,35,1.78296,1.81945,14986,2020,823657,FALSE,FALSE,100
2015-16,11,50,2015,Overall,1,0.2,28,11,1,0,40,1.87336,1.96571,15396,2000,783227,FALSE,FALSE,121
2015-16,12,51,2015,Overall,1.2,0.2,42,19,0,2,63,2.32148,2.42021,14839,1978,613128,TRUE,FALSE,144
2015-16,13,52,2015,Overall,1.5,0.2,44,11,2,0,57,2.40991,2.41083,15679,1949,650356,TRUE,FALSE,169
2015-16,15,1,2016,Overall,1.8,0.4,64,42,1,0,107,1.94328,1.98859,15654,2004,787192,FALSE,FALSE,225
2015-16,16,2,2016,Overall,2.1,0.3,54,30,2,0,86,1.99796,1.98985,15517,2005,779809,FALSE,FALSE,256
2015-16,17,3,2016,Overall,2.5,0.4,76,29,0,0,105,2.11829,2.1071,15661,2008,743249,FALSE,FALSE,289
2015-16,18,4,2016,Overall,3.1,0.6,125,38,1,0,164,2.25112,2.19256,18143,2026,827482,FALSE,FALSE,324
2015-16,19,5,2016,Overall,4,0.8,178,59,0,0,237,2.37116,2.30014,18944,2007,823602,FALSE,FALSE,361
2015-16,20,6,2016,Overall,5.1,1.2,247,82,2,0,331,2.80035,2.67574,21774,2000,813755,FALSE,FALSE,400
2015-16,21,7,2016,Overall,7.1,1.9,432,129,1,3,565,3.16475,3.02427,24681,1993,816098,FALSE,FALSE,441
2015-16,22,8,2016,Overall,9.5,2.5,574,131,3,3,711,3.15183,3.11328,26423,1956,848718,FALSE,FALSE,484
2015-16,23,9,2016,Overall,12.8,3.3,758,150,5,3,916,3.3321,3.32788,28468,1952,855439,FALSE,FALSE,529
2015-16,24,10,2016,Overall,17,4.2,987,196,3,2,1188,3.56024,3.5918,30481,1922,848628,FALSE,FALSE,576
2015-16,25,11,2016,Overall,20.5,3.5,800,161,4,0,965,3.05479,3.09262,24894,1898,804948,FALSE,FALSE,625
2015-16,26,12,2016,Overall,23.6,3.1,648,183,2,3,836,2.76732,2.78803,21940,1900,786936,FALSE,FALSE,676
2015-16,27,13,2016,Overall,26.2,2.6,510,203,3,1,717,2.44161,2.52371,19603,1832,776752,FALSE,FALSE,729
2015-16,28,14,2016,Overall,28.1,1.9,325,190,1,2,518,2.03348,2.12928,16769,1813,787543,FALSE,FALSE,784
2015-16,29,15,2016,Overall,29.6,1.5,233,167,5,0,405,1.98593,2.05142,16261,1805,792672,FALSE,FALSE,841
2015-16,30,16,2016,Overall,30.7,1.1,162,157,2,1,322,1.91514,1.98957,15437,1774,775895,FALSE,FALSE,900
2015-16,31,17,2016,Overall,31.5,0.8,104,121,0,0,225,1.69968,1.7858,13836,1759,774777,FALSE,FALSE,961
2016-17,1,40,2016,Overall,0.1,0.1,13,7,1,1,22,1.2019,1.27386,10864,1946,852842,FALSE,FALSE,1
2016-17,2,41,2016,Overall,0.2,0.1,24,3,0,0,27,1.23108,1.29342,10997,1973,850228,FALSE,FALSE,4
2016-17,3,42,2016,Overall,0.3,0.1,23,5,1,0,29,1.26796,1.33097,11926,1983,896035,FALSE,FALSE,9
2016-17,4,43,2016,Overall,0.4,0.1,33,5,0,0,38,1.36298,1.42662,12648,2006,886570,FALSE,FALSE,16
2016-17,5,44,2016,Overall,0.5,0.1,33,7,0,1,41,1.48535,1.57071,13790,1999,877947,FALSE,FALSE,25
2016-17,6,45,2016,Overall,0.7,0.2,45,11,1,1,58,1.55954,1.65146,14258,1990,863356,FALSE,FALSE,36
2016-17,7,46,2016,Overall,0.9,0.2,42,8,0,0,50,1.64783,1.73309,15160,2000,874739,FALSE,FALSE,49
2016-17,8,47,2016,Overall,1.2,0.3,71,12,3,1,87,1.91275,2.03388,14208,2011,698566,FALSE,TRUE,64
2016-17,9,48,2016,Overall,1.7,0.4,92,20,2,1,115,1.81725,1.88331,16605,2001,881694,FALSE,TRUE,81
2016-17,10,49,2016,Overall,2.3,0.6,154,12,3,0,169,1.91433,2.00292,16961,2013,846813,FALSE,FALSE,100
2016-17,11,50,2016,Overall,3.1,0.8,214,14,2,0,230,2.21003,2.27731,18463,2000,810736,FALSE,FALSE,121
2016-17,12,51,2016,Overall,4.8,1.7,416,41,1,2,460,2.73568,2.91465,21565,1977,739882,TRUE,FALSE,144
2016-17,13,52,2016,Overall,8.2,3.4,871,50,3,0,924,3.36832,3.54919,24900,1928,701569,TRUE,FALSE,169
2016-17,15,1,2017,Overall,12.6,4.4,1138,49,1,2,1190,3.09689,3.08102,24178,2024,784740,FALSE,FALSE,225
2016-17,16,2,2017,Overall,16.6,4.1,1022,53,3,0,1078,3.07346,3.01875,24897,1997,824746,FALSE,FALSE,256
2016-17,17,3,2017,Overall,20.7,4,1028,50,2,2,1082,3.51643,3.40446,28781,2029,845391,FALSE,FALSE,289
2016-17,18,4,2017,Overall,24.2,3.5,880,62,2,4,948,3.8027,3.52869,31265,2021,886023,FALSE,FALSE,324
2016-17,19,5,2017,Overall,28.1,3.9,986,75,1,4,1066,4.50313,4.10665,36517,2024,889216,FALSE,FALSE,361
2016-17,20,6,2017,Overall,32.8,4.7,1186,118,4,4,1312,5.06308,4.7551,42890,2027,901978,FALSE,FALSE,400
2016-17,21,7,2017,Overall,38,5.1,1260,175,1,2,1438,4.86009,4.65163,41035,1967,882163,FALSE,FALSE,441
2016-17,22,8,2017,Overall,43.2,5.2,1243,270,2,1,1516,4.57916,4.57049,40124,1987,877892,FALSE,FALSE,484
2016-17,23,9,2017,Overall,46.4,3.2,719,193,4,3,919,3.55674,3.45522,30183,1995,873547,FALSE,FALSE,529
2016-17,24,10,2017,Overall,49.2,2.9,558,252,5,5,820,3.50417,3.29505,28060,1971,851580,FALSE,FALSE,576
2016-17,25,11,2017,Overall,51.9,2.7,458,321,4,3,786,3.21511,3.16426,25484,1958,805370,FALSE,FALSE,625
2016-17,26,12,2017,Overall,54.8,2.9,426,426,5,4,861,3.10088,3.14433,27354,1940,869946,FALSE,FALSE,676
2016-17,27,13,2017,Overall,57.5,2.8,330,456,2,1,789,2.79056,2.87936,24342,1899,845397,FALSE,FALSE,729
2016-17,28,14,2017,Overall,59.5,2,188,383,3,1,575,2.38547,2.36977,19677,1906,830332,FALSE,FALSE,784
2016-17,29,15,2017,Overall,60.9,1.4,124,274,1,1,400,1.9703,1.93853,15548,1861,802052,FALSE,FALSE,841
2016-17,30,16,2017,Overall,61.9,1,64,209,2,1,276,1.73442,1.64064,13006,1845,792740,FALSE,FALSE,900
2016-17,31,17,2017,Overall,62.5,0.6,37,126,4,0,167,1.56303,1.4752,11924,1846,808298,FALSE,FALSE,961
2017-18,1,40,2017,Overall,0.1,0.1,22,12,1,0,35,1.26589,1.2802,12839,2220,1002892,FALSE,FALSE,1
2017-18,2,41,2017,Overall,0.2,0.1,26,6,0,0,32,1.30479,1.33123,13267,2245,996595,FALSE,FALSE,4
2017-18,3,42,2017,Overall,0.5,0.2,59,10,0,0,69,1.34075,1.40786,14319,2266,1017076,FALSE,FALSE,9
2017-18,4,43,2017,Overall,0.7,0.2,39,24,0,0,63,1.51674,1.5722,15832,2266,1006998,FALSE,FALSE,16
2017-18,5,44,2017,Overall,1,0.3,73,9,2,0,84,1.74583,1.70326,17069,2222,1002140,FALSE,FALSE,25
2017-18,6,45,2017,Overall,1.4,0.4,89,12,0,0,101,1.88708,1.86636,19057,2288,1021079,FALSE,FALSE,36
2017-18,7,46,2017,Overall,1.9,0.5,117,10,2,0,129,2.05923,2.07647,21892,2296,1054290,FALSE,FALSE,49
2017-18,8,47,2017,Overall,2.7,0.8,190,27,0,0,217,2.27971,2.33593,19816,2271,848314,FALSE,TRUE,64
2017-18,9,48,2017,Overall,4,1.2,294,35,2,2,333,2.28379,2.24637,23752,2279,1057350,FALSE,TRUE,81
2017-18,10,49,2017,Overall,5.4,1.5,356,40,2,0,398,2.58278,2.49504,24955,2272,1000183,FALSE,FALSE,100
2017-18,11,50,2017,Overall,7.8,2.4,602,68,3,2,675,3.36558,3.2005,31502,2262,984283,FALSE,FALSE,121
2017-18,12,51,2017,Overall,12.6,4.8,1219,118,3,0,1340,4.73117,4.43807,42782,2211,963978,TRUE,FALSE,144
2017-18,13,52,2017,Overall,20.8,8.2,2120,239,6,2,2367,5.70943,5.46361,45255,2132,828299,TRUE,FALSE,169
2017-18,15,1,2018,Overall,31.1,10.3,2565,384,6,1,2956,5.74658,5.35765,47269,2243,882271,FALSE,FALSE,225
2017-18,16,2,2018,Overall,40.8,9.6,2446,369,14,4,2833,5.89207,5.52437,56761,2257,1027466,FALSE,FALSE,256
2017-18,17,3,2018,Overall,49.6,8.8,2138,406,12,3,2559,6.51759,6.34528,63036,2286,993431,FALSE,FALSE,289
2017-18,18,4,2018,Overall,58.2,8.6,1993,460,8,4,2465,7.16338,7.01811,77326,2288,1101807,FALSE,FALSE,324
2017-18,19,5,2018,Overall,66.2,8,1738,493,11,5,2247,7.52133,7.7809,85985,2275,1105078,FALSE,FALSE,361
2017-18,20,6,2018,Overall,73.3,7.1,1409,601,10,4,2024,7.38748,7.76939,87825,2299,1130397,FALSE,FALSE,400
2017-18,21,7,2018,Overall,79.6,6.4,1141,662,13,2,1818,6.44688,6.81176,76210,2227,1118800,FALSE,FALSE,441
2017-18,22,8,2018,Overall,84.7,5.1,812,681,5,6,1504,4.95881,5.15749,53025,2272,1028116,FALSE,FALSE,484
2017-18,23,9,2018,Overall,88.2,3.5,514,498,10,3,1025,3.68612,3.55945,36064,2208,1013191,FALSE,FALSE,529
2017-18,24,10,2018,Overall,91,2.8,327,476,1,1,805,3.18626,3.00518,29133,2214,969427,FALSE,FALSE,576
2017-18,25,11,2018,Overall,93.7,2.7,265,534,3,2,804,2.76894,2.73038,25938,2201,949978,FALSE,FALSE,625
2017-18,26,12,2018,Overall,95.7,2,238,414,1,2,655,2.48706,2.47768,23805,2180,960779,FALSE,FALSE,676
2017-18,27,13,2018,Overall,97.7,2,233,410,1,2,646,2.40802,2.36314,20693,2144,875658,FALSE,FALSE,729
2017-18,28,14,2018,Overall,99.4,1.7,168,373,2,1,544,2.07483,2.03139,19074,2127,938963,FALSE,FALSE,784
2017-18,29,15,2018,Overall,100.6,1.2,106,278,2,0,386,1.77898,1.80376,16664,2086,923848,FALSE,FALSE,841
2017-18,30,16,2018,Overall,101.5,1,92,203,1,0,296,1.61487,1.58696,14869,2112,936950,FALSE,FALSE,900
2017-18,31,17,2018,Overall,102.5,0.9,73,148,1,0,222,1.5385,1.53801,14552,2088,946160,FALSE,FALSE,961
2018-19,1,40,2018,Overall,0.1,0.1,13,8,0,0,21,1.42158,1.42133,18020,2612,1267828,FALSE,FALSE,1
2018-19,2,41,2018,Overall,0.2,0.1,13,16,0,1,30,1.40328,1.4746,18702,2652,1268275,FALSE,FALSE,4
2018-19,3,42,2018,Overall,0.3,0.1,16,12,0,0,28,1.47183,1.58977,19980,2624,1256785,FALSE,FALSE,9
2018-19,4,43,2018,Overall,0.4,0.1,13,17,1,0,31,1.63975,1.72501,21697,2678,1257789,FALSE,FALSE,16
2018-19,5,44,2018,Overall,0.6,0.2,26,15,2,1,44,1.79022,1.84103,23150,2664,1257449,FALSE,FALSE,25
2018-19,6,45,2018,Overall,0.8,0.2,39,14,0,1,54,1.86799,1.92737,24121,2671,1251496,FALSE,FALSE,36
2018-19,7,46,2018,Overall,1,0.2,59,7,1,0,67,1.99062,2.09281,24559,2663,1173496,FALSE,FALSE,49
2018-19,8,47,2018,Overall,1.4,0.3,79,15,0,0,94,2.24196,2.40619,24712,2617,1027018,FALSE,TRUE,64
2018-19,9,48,2018,Overall,2,0.6,143,16,3,1,163,2.14993,2.24923,29219,2665,1299066,FALSE,TRUE,81
2018-19,10,49,2018,Overall,2.7,0.8,178,22,1,0,201,2.26267,2.31067,28555,2658,1235787,FALSE,FALSE,100
2018-19,11,50,2018,Overall,4,1.3,342,10,1,1,354,2.63691,2.73537,33228,2649,1214752,FALSE,FALSE,121
2018-19,12,51,2018,Overall,6.1,2.1,536,18,5,0,559,3.13053,3.24277,38342,2593,1182384,TRUE,FALSE,144
2018-19,13,52,2018,Overall,9.3,3.2,817,25,5,3,850,3.95397,4.18246,44051,2579,1053233,TRUE,FALSE,169
2018-19,15,1,2019,Overall,12.6,3.3,855,27,2,2,886,3.45315,3.63116,42173,2627,1161419,FALSE,FALSE,225
2018-19,16,2,2019,Overall,15.3,2.7,711,30,2,0,743,3.09958,3.16293,39224,2654,1240115,FALSE,FALSE,256
2018-19,17,3,2019,Overall,17.4,2.1,594,25,1,3,623,3.32135,3.36599,41306,2656,1227156,FALSE,FALSE,289
2018-19,18,4,2019,Overall,19.6,2.2,644,23,1,1,669,3.78973,3.89212,46459,2675,1193668,FALSE,FALSE,324
2018-19,19,5,2019,Overall,22.5,2.9,842,27,0,2,871,4.34374,4.53541,55457,2665,1222755,FALSE,FALSE,361
2018-19,20,6,2019,Overall,26.2,3.6,990,19,3,3,1015,4.85886,5.20804,69966,2670,1343423,FALSE,FALSE,400
2018-19,21,7,2019,Overall,30.1,3.9,1087,26,0,3,1116,5.06384,5.45133,70513,2651,1293501,FALSE,FALSE,441
2018-19,22,8,2019,Overall,34.8,4.6,1314,35,2,6,1357,4.91983,5.30801,67014,2650,1262508,FALSE,FALSE,484
2018-19,23,9,2019,Overall,39.5,4.7,1331,15,0,8,1354,4.58559,4.62225,59299,2655,1282904,FALSE,FALSE,529
2018-19,24,10,2019,Overall,44.7,5.3,1520,27,1,12,1560,4.40531,4.42052,55781,2634,1261864,FALSE,FALSE,576
2018-19,25,11,2019,Overall,50.1,5.4,1598,37,2,9,1646,4.24417,4.14628,53484,2643,1289927,FALSE,FALSE,625
2018-19,26,12,2019,Overall,54.8,4.7,1405,47,2,7,1461,3.68615,3.50477,45623,2648,1301742,FALSE,FALSE,676
2018-19,27,13,2019,Overall,58.4,3.6,1029,40,1,3,1073,3.11403,3.06756,38227,2613,1246168,FALSE,FALSE,729
2018-19,28,14,2019,Overall,61.1,2.7,776,41,1,4,822,2.71415,2.68614,33062,2612,1230839,FALSE,FALSE,784
2018-19,29,15,2019,Overall,62.9,1.8,503,33,1,6,543,2.3187,2.2832,28064,2559,1229153,FALSE,FALSE,841
2018-19,30,16,2019,Overall,64.1,1.2,291,36,3,3,333,2.03857,1.97841,23256,2531,1175489,FALSE,FALSE,900
2018-19,31,17,2019,Overall,64.9,0.9,149,30,1,0,180,1.73825,1.7374,20734,2505,1193392,FALSE,FALSE,961
